,prediction
0,-0.43318337
1,-0.5139446
2,0.8630189
3,0.16462496
5,-0.233046
6,-0.88481843
8,-0.42248273
9,0.5344326
10,-0.2092399
11,-0.5139446
13,-0.12729007
14,-0.8475406
15,0.072247654
16,0.5600024
17,0.5367239
19,-0.88432646
20,0.29946035
21,0.78181386
22,-0.88481843
24,0.53974825
25,0.81983995
26,-0.88481843
27,0.15556267
28,0.9638993
29,-0.16105354
31,0.54660404
32,-0.92281175
34,0.15556267
37,-0.233046
38,0.5367239
40,0.12506351
41,-0.233046
42,0.16445127
43,0.16462496
44,0.7959056
45,-0.2866559
46,-1.1286542
47,0.57650495
48,0.88661224
49,-0.13685942
50,-0.81836987
51,-0.3712265
52,0.7095171
53,-0.1817792
55,0.54660404
56,0.53974825
57,-0.93786585
59,-0.5139446
60,0.16462496
61,0.6116669
63,-0.4948724
64,0.072247654
66,0.20420831
67,1.3899701
68,0.4835383
69,0.97031546
70,0.53974825
72,-0.14221776
73,1.0328057
74,1.064986
75,0.40482172
77,0.054617494
79,0.08441907
80,0.16462496
81,-0.37030596
82,-0.4168396
83,0.54660404
84,0.42491746
85,-0.35515058
86,0.9838023
87,0.9838023
88,-0.89715195
89,-0.6874393
90,0.28441426
93,-0.4168396
94,-0.14221776
95,-0.88481843
96,-0.09975642
97,0.08441907
98,0.5344326
99,-0.57461286
100,0.15245354
101,-0.4168396
102,0.3607085
103,-0.06201178
107,-0.8475406
109,1.064986
110,0.24794003
111,0.3981871
112,-0.580256
114,-0.46063387
116,-0.81836987
117,-0.4168396
118,-0.4168396
119,-0.233046
121,-0.93786585
122,-0.5139446
123,-0.51958776
124,0.9194823
126,-0.06201178
127,-0.92281175
128,-0.30273926
129,-0.35515058
130,0.42491746
131,-0.16105354
132,-0.35515058
133,-0.4168396
134,-0.63121545
136,-0.92281175
137,-0.5876075
139,0.072247654
140,0.5344326
141,-0.9760169
142,-0.4168396
143,-0.13685942
144,-0.5139446
145,-0.13685942
146,0.08441907
148,-0.35515058
150,-0.12903404
151,0.97377944
152,0.53974825
153,1.0748662
154,0.16773409
155,-0.12768579
156,-0.88481843
157,-0.73008037
158,-0.5139446
159,-0.81836987
160,-0.016941845
161,0.57650495
162,0.99368244
163,0.57650495
164,-0.64083445
165,-0.35222453
167,0.29946035
168,0.16462496
169,0.5344326
170,0.54660404
171,0.16773409
172,-0.4050365
173,-0.92281175
174,0.072247654
175,0.99368244
180,-0.35515058
181,0.4429728
182,0.97377944
183,-0.81836987
184,-0.36558336
185,-0.30273926
186,0.6389945
187,0.99368244
188,0.99368244
189,0.28050262
190,-0.37030596
191,0.9838023
192,0.072247654
194,-0.8475406
197,0.39149666
198,0.3607085
201,-0.019550443
202,0.5367239
203,0.08441907
204,-0.06201178
205,-0.1685955
206,0.97377944
207,-0.5139446
208,0.5367239
209,-0.233046
212,0.69812703
213,-0.4168396
214,0.99368244
215,-0.05665344
218,0.08441907
219,0.99368244
221,-0.09975642
222,0.3607085
223,0.45234713
224,-0.16105354
225,-0.52627814
226,0.9508525
227,0.16773409
229,-0.4168396
230,1.064986
231,0.1684508
232,-0.42248273
233,-0.37030596
234,-0.64083445
235,-0.36558336
236,-0.05665344
237,-0.16105354
239,0.3200088
240,-0.9322227
241,0.7959056
242,-0.91412425
243,-0.36558336
244,-0.37030596
245,-0.2092399
246,-0.88481843
247,-0.9322227
248,-0.72443724
249,1.0073307
250,0.9838023
251,0.29946035
253,-0.43318337
254,0.8449996
255,-0.4168396
256,1.0328057
258,-0.64083445
259,-0.92281175
260,0.5955911
261,-0.09975642
262,0.16773409
264,0.5367239
265,0.3607085
266,0.43708885
267,0.57650495
268,-0.28101277
270,0.7860255
271,-0.233046
273,0.15245354
274,-0.88481843
275,-0.57461286
276,0.17911392
277,-0.8066088
278,-0.24537957
279,-0.05665344
281,0.5344326
282,0.08441907
283,0.08441907
285,1.064986
287,-0.5139446
288,-0.81836987
289,-0.81836987
290,-0.9284549
291,-0.2092399
292,-0.35515058
295,0.5367239
296,-0.13685942
297,0.24794003
298,0.072247654
299,-0.92281175
300,0.8431159
301,0.4835383
302,0.8449996
303,-0.36558336
304,-0.4168396
305,0.034952402
307,-0.42917317
308,0.45234713
310,-0.5139446
311,0.97031546
312,-0.05665344
313,9.942055e-05
314,-0.35515058
315,-0.5139446
316,0.87289906
317,0.3981871
318,0.9838023
319,-0.10157323
320,-0.37030596
321,-0.14221776
322,0.40482172
323,0.51694685
324,0.54660404
326,-0.5139446
327,-0.05665344
328,-0.81836987
329,-0.9284549
331,0.75979906
332,1.3408239
334,-0.36558336
335,-0.16105354
336,-0.7650429
337,-0.37791693
339,0.5367239
340,0.54660404
341,-0.93786585
342,0.3607085
343,0.9838023
344,-0.35515058
346,0.08441907
348,0.08441907
349,-0.4168396
350,0.38830698
351,-0.88481843
353,-0.93786585
354,0.7228688
355,0.50354844
356,0.7897222
357,-0.81577563
358,0.43708885
359,0.40482172
360,-0.5969186
361,-0.15295398
362,-0.5139446
363,-0.88481843
364,-0.9284549
365,-0.06201178
366,-0.24537957
367,-0.43318337
368,0.16773409
369,0.24794003
370,0.99368244
374,1.1240125
375,-0.4168396
376,1.3408239
377,0.9838023
378,0.16462496
379,0.7860255
380,-0.4168396
381,0.4835383
382,-0.5139446
384,-0.31104815
386,0.5367239
387,0.40482172
388,-0.14221776
389,-0.42917317
390,0.5587775
391,1.064986
392,-0.13685942
394,-0.13685942
395,0.08441907
396,-0.52627814
397,-0.26720613
399,-0.233046
400,-0.06201178
401,-0.88481843
404,0.24794003
405,0.5367239
406,-0.8475406
407,0.5367239
408,-0.5139446
409,-0.09975642
410,0.5367239
411,0.45234713
412,-0.81836987
413,0.5367239
414,-0.23717076
416,0.7959056
417,-0.9210079
420,-0.35515058
422,-0.72443724
423,-0.12903404
424,-0.019550443
425,1.0748662
426,0.79169405
427,-0.57461286
428,0.9638993
429,-0.8066088
430,-0.42248273
431,0.16773409
432,0.44413376
433,-0.12903404
434,0.56865764
436,-0.64083445
437,-0.46063387
438,0.6389945
439,0.28441426
440,-0.21488303
441,0.3200088
442,-0.92281175
443,-0.36558336
444,0.57650495
445,-0.23717076
446,0.28050262
447,0.9838023
449,0.08441907
450,0.072247654
451,-0.35515058
452,0.22927508
453,-0.14250255
454,0.42491746
455,-0.42917317
457,-0.5139446
458,0.97031546
459,-0.4168396
460,0.16462496
461,-0.233046
462,-0.7650429
463,0.072247654
466,-0.5139446
467,-0.9322227
468,1.1240125
469,-0.44361615
470,1.064986
471,-0.36558336
472,0.16773409
473,-1.0100056
475,-0.81836987
476,0.49366835
477,0.54660404
479,1.0358343
480,0.97031546
481,-0.4168396
483,0.68222904
484,0.85487974
485,-0.16105354
486,0.8413929
487,0.3926503
488,0.8549216
489,-0.5139446
490,0.24794003
491,1.064986
492,0.45234713
493,-0.5139446
494,-0.8796215
496,-0.2092399
498,0.57650495
499,0.08441907
500,0.16462496
501,0.54660404
502,-0.5139446
503,0.99368244
504,-0.92281175
505,0.7959056
506,-0.3465814
507,-0.233046
509,0.7860255
510,0.78181386
511,1.064986
513,-0.35515058
514,0.3926503
515,0.24794003
517,0.99368244
518,0.16462496
520,-0.24537957
521,-0.88481843
522,-0.9284549
523,-0.0762741
526,0.28050262
529,0.53974825
530,-0.5139446
531,0.6806333
532,-0.4948724
533,-0.24537957
535,0.5367239
536,-0.16105354
537,0.7820028
538,-0.13685942
539,0.9343929
540,0.16773409
542,-0.5139446
544,0.9046315
546,0.12660363
547,0.5367239
548,0.8767321
549,1.064986
550,-0.7650429
551,-0.35515058
554,0.16773409
555,-0.4168396
558,0.28050262
559,0.5600024
560,0.16773409
561,-0.824013
562,0.99368244
563,0.28426844
564,0.54660404
565,0.9343929
567,0.12506351
568,-0.35515058
569,0.6033567
570,-0.5139446
571,0.28050262
572,-0.36558336
573,-0.28781158
575,-0.5139446
576,-0.39222825
577,-0.8034421
578,0.85487974
579,-0.13960719
580,0.53974825
584,-0.50051546
585,0.46723688
586,0.981511
587,-0.9284549
588,0.5600024
589,0.16773409
590,1.0358343
591,-0.5139446
592,0.16773409
594,0.5955911
595,-0.9284549
596,-0.06201178
597,-0.14221776
599,0.19036916
602,0.16773409
603,-0.233046
604,-0.13685942
606,-0.13685942
607,-0.5139446
608,-0.9286126
609,0.16773409
610,0.16773409
611,-0.16105354
612,0.754434
613,0.9838023
614,0.12506351
615,0.08441907
616,-0.4168396
617,-0.85318375
620,0.7095171
621,-0.5139446
622,-0.14221776
623,0.11991322
624,0.40482172
625,0.08441907
626,-0.92281175
627,0.54660404
628,-0.4168396
629,-0.81836987
630,-0.120111346
631,-0.30273926
632,-0.5139446
633,-0.64083445
634,-0.49901694
635,-0.47803938
636,0.04456833
638,-0.5139446
639,0.7860255
640,-0.862164
641,0.08441907
643,0.6806333
644,-0.35065567
645,0.061307907
646,-0.05665344
647,0.16773409
648,-0.72443724
651,1.0748662
652,-0.06201178
653,0.40482172
654,0.43708885
655,0.8630189
656,-0.88481843
660,0.42491746
661,0.57650495
662,0.79169405
663,0.8449996
664,-0.92281175
665,-0.3712265
666,0.28441426
667,-0.36558336
668,0.20420831
670,-0.93786585
671,0.97377944
672,0.6985981
673,-0.14919299
674,-0.93786585
675,-0.35515058
676,-0.28101277
677,-0.9322227
678,-0.16105354
679,0.29946035
680,-0.36558336
682,-0.14221776
684,0.2670249
685,0.39149666
686,-0.06201178
687,0.57650495
688,0.7860255
689,-0.9322227
691,-0.57461286
692,-0.14221776
693,-0.019550443
695,-0.35515058
696,0.8767321
697,-0.92281175
698,0.43708885
699,0.11016324
700,0.96802413
701,-0.16105354
702,-0.36558336
705,0.477117
706,-0.93786585
707,0.96802413
709,0.5367239
710,0.9343929
711,0.3472308
712,0.7860255
713,-0.88481843
714,-0.37791693
715,0.16462496
716,0.15556267
717,-1.0758281
718,0.43708885
719,-0.92281175
720,-0.4168396
721,0.8234265
723,-0.029113233
724,0.99368244
725,0.43708885
726,-0.64083445
727,-0.37030596
729,0.40482172
730,-0.36558336
731,-0.3712265
732,0.5367239
733,0.08441907
735,-0.06201178
736,0.6389945
737,-0.88481843
738,0.92090607
739,-0.3402229
740,-0.06201178
741,-0.16105354
742,0.57650495
743,0.08441907
744,0.99368244
745,-0.13685942
746,0.8767321
748,1.1240125
749,-0.81836987
751,0.38830698
752,0.16773409
753,-0.8475406
754,-0.06201178
755,0.44017574
756,-0.06201178
757,-0.13685942
758,0.08441907
759,-0.6464776
760,0.9838023
761,-0.05665344
762,0.5121275
763,-0.5139446
764,0.54660404
765,-0.14919299
767,-0.09975642
768,-0.35515058
769,0.14106083
770,-0.57461286
771,0.9801956
772,0.29946035
773,-0.9322227
775,0.40482172
776,0.53829926
777,0.40482172
778,0.04485762
781,-0.12903404
782,-0.64083445
783,-0.92281175
784,0.40482172
785,0.7897222
786,-0.42917317
787,0.72516006
788,-0.9322227
789,-0.24537957
790,0.3926503
791,0.97377944
792,-0.88481843
793,0.9416133
794,-0.233046
795,-0.4168396
796,0.83151275
797,-0.88481843
798,0.5955911
799,0.7860255
800,-0.4168396
801,0.5367239
802,0.17514122
804,-0.4168396
805,0.45234713
806,0.24794003
807,0.54660404
808,0.43708885
809,0.08441907
810,-0.06201178
811,0.45234713
812,-0.42248273
813,-0.5139446
814,0.061307907
815,0.41617677
816,0.24794003
817,0.99368244
818,0.28441426
819,0.7095171
820,-0.92281175
821,1.3309437
822,-0.28101277
823,-0.27044183
825,-0.5139446
826,0.15556267
827,0.5367239
828,-0.92281175
829,-0.81836987
830,-0.5139446
831,-0.824013
832,0.87289906
833,-0.233046
834,-0.13685942
836,0.53082055
837,0.40482172
838,0.19036916
839,-0.8475406
842,-0.9322227
843,-0.8475406
844,0.26833123
845,0.85487974
846,-0.13685942
847,-0.89715195
848,-0.06201178
849,0.5587775
851,1.0748662
853,0.29946035
854,-0.92281175
855,1.3998501
856,-0.44361615
857,0.3607085
859,0.93150556
860,-0.233046
862,-0.14221776
863,-0.5139446
864,-0.36558336
865,0.54660404
867,0.40482172
868,-0.05665344
869,1.0748662
870,-0.11192781
872,-0.7650429
873,0.28050262
874,0.16462496
875,-0.92281175
876,-0.47239625
877,-0.5139446
878,-0.91536474
879,-0.88481843
880,-0.42917317
883,-0.36558336
885,0.5367239
889,0.24794003
890,-0.7427914
891,-0.51958776
892,-0.5139446
893,0.54660404
894,-0.5139446
895,0.97031546
897,-0.30273926
898,-0.57461286
899,-0.35515058
900,-0.92281175
901,-0.23717076
902,0.16462496
904,0.54660404
906,-0.05665344
907,-0.3636127
908,0.43708885
909,-0.9322227
910,0.47193465
911,-0.88481843
912,0.09429884
913,-0.16105354
914,0.16462496
915,0.4835383
916,0.99368244
917,-0.233046
919,-0.4168396
921,-0.37594908
922,0.24794003
923,0.08441907
924,-0.91536474
925,-0.35515058
927,0.944273
928,-0.05665344
929,-0.076902926
930,-0.88481843
933,0.04456833
935,-0.2866559
936,-0.13685942
937,0.16462496
938,-0.15455133
939,0.97377944
941,-0.233046
943,0.08441907
944,-0.5139446
945,-0.37030596
946,-0.88481843
947,-0.88481843
948,-0.034051538
952,-0.5139446
954,-0.7650429
955,-0.5139446
956,-0.35515058
957,0.16462496
958,-0.8475406
959,0.16462496
960,-0.14221776
962,0.5367239
963,-0.6954119
964,0.08441907
965,-0.25810826
966,-0.14250255
967,0.5564364
968,0.24794003
971,-0.05665344
973,0.24794003
974,-0.9322227
975,0.53974825
977,-0.14221776
978,0.40482172
979,-0.30273926
980,0.15556267
981,-0.57461286
982,0.4396675
983,1.0748662
984,0.54660404
985,-0.5139446
986,0.38830698
987,-0.862164
988,-0.57461286
990,-0.4168396
991,-0.44361615
992,0.24794003
993,0.8449996
995,0.9343929
996,0.16462496
997,-0.36558336
998,-0.019550443
999,-0.5139446
1003,0.9838023
1004,-0.36558336
1005,0.54660404
1006,0.54660404
1007,-0.25227845
1008,0.54660404
1009,0.8630189
1010,-0.13685942
1012,0.08441907
1013,-0.64083445
1014,-0.64083445
1015,-0.31669128
1016,-0.58694637
1017,0.5367239
1018,0.2877417
1019,0.54660404
1021,-0.14919299
1023,0.16773409
1024,-0.9322227
1025,-0.8475406
1026,0.95543146
1027,0.5367239
1028,0.16773409
1030,-0.7773764
1031,-0.14221776
1032,0.6033567
1033,-0.5139446
1034,-0.4948724
1036,1.0748662
1037,-0.36558336
1039,-0.14221776
1041,0.5367239
1042,0.13105509
1044,0.08441907
1045,-0.10157323
1047,-0.6464776
1049,0.3200088
1050,-0.81836987
1053,0.77052534
1054,-0.5139446
1055,-0.05665344
1056,0.23576862
1057,-0.019550443
1058,0.54660404
1059,-0.14786088
1060,-0.13685942
1061,0.08441907
1062,0.7682156
1063,-0.92281175
1064,-0.92281175
1066,-0.9322227
1067,0.9801956
1068,0.99102277
1071,-0.06201178
1073,-0.35515058
1074,0.9361339
1076,-0.92281175
1077,-0.06201178
1078,-0.5139446
1079,-0.57461286
1080,-0.37791693
1081,-0.5139446
1082,0.061307907
1083,0.78181386
1084,-0.5213859
1085,-0.233046
1087,-0.57461286
1088,0.16462496
1089,-0.51958776
1090,0.46853796
1091,-0.26720613
1092,1.3408239
1093,0.8449996
1094,-0.7650429
1096,-0.81836987
1097,-0.51958776
1098,1.0155766
1099,-0.35515058
1100,0.16462496
1101,-0.4168396
1102,-0.35515058
1103,-0.92281175
1104,-0.88481843
1106,-0.72443724
1107,0.40482172
1108,-0.47344214
1109,0.40482172
1110,-0.35515058
1111,0.24794003
1112,-0.9322227
1113,0.54660404
1114,-0.14221776
1115,1.0748662
1116,0.4835383
1117,-0.14221776
1118,0.81983995
1119,0.99368244
1121,0.5367239
1122,0.8833566
1123,0.5587775
1124,0.57650495
1126,-0.23868912
1127,-0.7650429
1128,-0.5139446
1129,-0.019550443
1131,-0.5139446
1132,-0.4168396
1133,0.5367239
1134,0.08441907
1135,-0.16136438
1136,0.16462496
1138,-0.5139446
1140,-0.3712265
1141,-0.14221776
1142,-0.81836987
1143,-0.05665344
1144,-0.17422432
1145,-0.9322227
1147,-0.9322227
1148,-0.4019119
1150,1.3309437
1151,-0.92281175
1152,0.9989954
1153,-0.93786585
1154,0.40482172
1155,0.08441907
1156,0.8610909
1157,0.54660404
1158,-0.5139446
1159,-0.05036533
1160,-0.64083445
1161,0.57650495
1162,0.8475803
1163,-0.2092399
1165,-0.06201178
1166,0.83497673
1167,-0.35515058
1168,-0.35515058
1169,-0.06201178
1170,-0.019550443
1171,0.9343929
1173,-0.31104815
1174,-0.4168396
1176,-0.81836987
1177,-0.9322227
1178,1.064986
1179,0.5367239
1180,-0.31104815
1181,-0.15295398
1182,0.08441907
1183,0.5367239
1184,0.16462496
1185,-0.92281175
1186,0.19036916
1187,0.08441907
1188,0.5344326
1189,-0.64083445
1190,-0.64083445
1193,0.5600024
1196,-0.06201178
1197,-0.88481843
1198,-0.88481843
1199,-0.39281052
1200,0.16462496
1201,0.08441907
1202,0.08441907
1204,0.544265
1205,-0.3712265
1206,0.08441907
1207,1.3017919
1208,-0.92769825
1209,-0.4168396
1210,0.9801956
1211,0.24794003
1212,-0.92281175
1213,0.16462496
1214,0.24794003
1215,-0.4168396
1216,0.9046315
1217,-0.5139446
1218,-0.233046
1219,-0.2866559
1222,0.08441907
1223,-0.06201178
1225,0.5367239
1226,0.16462496
1227,-0.58694637
1230,-0.81836987
1231,-0.39222825
1235,0.53974825
1236,0.40482172
1237,0.47193465
1238,0.981511
1239,0.7860255
1241,0.54660404
1242,0.072247654
1243,0.54660404
1244,1.2815342
1245,0.24307114
1246,0.08441907
1247,-0.88481843
1248,0.9838023
1249,0.16462496
1251,0.6731588
1252,-0.4168396
1253,-0.57461286
1254,-0.233046
1255,1.064986
1256,-0.96643114
1257,0.08441907
1258,1.0748662
1260,0.5955911
1261,0.15556267
1262,0.54660404
1263,-0.5139446
1264,-0.9322227
1265,-0.3465814
1266,1.2015173
1267,-0.24537957
1269,-0.9322227
1271,-0.36558336
1272,-0.5139446
1273,-0.36558336
1274,0.53974825
1276,0.3926503
1277,0.29946035
1278,-0.35515058
1279,-0.824013
1280,-0.2092399
1282,0.56433356
1283,0.97031546
1286,0.5465563
1287,-0.81836987
1288,-0.7650429
1289,-0.4168396
1290,0.43708885
1291,-0.23717076
1292,-0.36558336
1293,-0.034051538
1295,-0.5139446
1296,-0.12903404
1298,-0.92281175
1301,0.45234713
1302,1.0748662
1303,-0.21811831
1304,-0.4948724
1305,0.56865764
1306,-0.862164
1307,-0.78741336
1308,0.9838023
1309,-0.28101277
1310,-0.94455624
1311,0.9838023
1312,0.28441426
1314,0.17049038
1315,0.5344326
1316,-0.5139446
1317,-0.9322227
1318,0.6806333
1319,0.4396675
1320,0.40482172
1321,-0.14889538
1322,-0.4168396
1323,0.7860255
1325,0.43708885
1326,-0.9284549
1327,0.8449996
1329,-0.42248273
1330,0.9838023
1331,0.43708885
1333,0.9416133
1334,0.28426844
1335,-0.92281175
1336,-0.06201178
1337,0.40482172
1338,0.5955911
1339,-0.47239625
1340,-0.93786585
1341,-0.5139446
1342,0.9413856
1343,-0.09975642
1344,0.08441907
1347,0.16462496
1349,0.11016324
1351,0.3981871
1352,0.8450414
1353,-0.57461286
1354,-0.37030596
1355,0.24794003
1357,0.6266352
1358,0.97031546
1359,0.06903279
1360,1.3309437
1361,0.24794003
1362,-0.81836987
1365,0.24794003
1366,0.81983995
1367,0.99368244
1369,1.0254567
1370,0.57650495
1371,0.5344326
1372,0.23576862
1373,0.16462496
1374,1.0748662
1376,-0.72443724
1377,0.2975965
1378,-0.13685942
1379,-0.233046
1380,-0.5139446
1381,1.064986
1382,-0.14221776
1383,1.0748662
1384,0.754434
1386,-0.14221776
1387,0.5600024
1389,0.54660404
1390,0.28050262
1391,-0.9591589
1392,0.08441907
1393,0.061307907
1394,-0.9760169
1395,0.24794003
1396,1.0609355
1397,0.31747967
1398,-0.4168396
1399,-0.862164
1400,0.40482172
1402,-0.36558336
1403,-0.019550443
1404,-0.31669128
1405,0.16462496
1406,-0.14221776
1407,-0.05036533
1408,-0.77068603
1409,-0.30273926
1411,-0.9053885
1412,0.16462496
1413,0.4396675
1414,-0.36558336
1415,0.79169405
1416,0.5367239
1417,-0.233046
1418,-0.9322227
1419,0.2877417
1420,0.54660404
1421,-0.7427914
1422,0.54660404
1423,-0.3712265
1424,-0.14221776
1425,-0.57461286
1427,-0.7650429
1429,-0.88481843
1430,-0.06201178
1432,-0.7650429
1433,-0.92281175
1434,0.5367239
1436,0.97031546
1438,-0.81836987
1440,-0.35515058
1441,-0.15455133
1442,-0.4168396
1443,0.08441907
1444,1.0748662
1445,0.5367239
1446,-0.13685942
1447,0.97031546
1448,-0.36558336
1449,0.44413376
1450,0.08441907
1451,0.9838023
1452,-0.88481843
1454,0.16462496
1456,0.43708885
1457,1.0358343
1459,-0.233046
1460,0.53082055
1461,0.44395837
1462,0.99368244
1463,0.3200088
1464,-0.9322227
1465,-0.043667495
1466,1.0155766
1467,0.9838023
1468,-0.16105354
1470,0.81983995
1471,-0.43318337
1473,0.79169405
1475,-0.13685942
1476,-0.05665344
1477,0.24794003
1480,0.63497543
1481,-0.4168396
1482,0.16773409
1483,0.9060744
1484,-0.5139446
1485,-0.72443724
1487,-0.13685942
1489,-0.233046
1490,0.9838023
1491,0.81983995
1492,-0.8475406
1493,-0.917295
1494,-0.92281175
1495,0.45705715
1496,-0.8598741
1497,-0.9322227
1498,0.99368244
1499,0.16462496
1501,-0.2092399
1502,0.78181386
1504,-0.06201178
1506,0.24794003
1507,-0.43226367
1508,0.15556267
1509,0.7860255
1511,-0.1817792
1512,0.24794003
1513,-0.9322227
1514,-0.019550443
1515,0.40482172
1516,-1.2184861
1517,-0.5139446
1518,-0.13685942
1519,-0.13685942
1520,-0.39281052
1521,-0.92769825
1522,0.32096758
1523,0.40482172
1526,-0.51958776
1527,-0.36558336
1528,-0.92281175
1529,-0.09975642
1530,0.99368244
1532,0.54660404
1533,-0.92281175
1534,1.0527086
1535,0.16462496
1536,0.12660363
1538,0.16462496
1539,-0.38263953
1541,-0.30273926
1542,-0.92769825
1545,-0.93786585
1547,-0.9940152
1549,0.09252325
1550,0.5367239
1551,-0.06201178
1554,0.24794003
1555,0.08441907
1556,0.08441907
1557,-0.4168396
1558,-0.81836987
1559,1.064986
1560,-0.3465814
1561,-0.7650429
1562,0.41781616
1563,-0.06201178
1565,-0.4168396
1566,1.037029
1567,0.54660404
1568,-0.5139446
1569,0.45234713
1572,-0.58694637
1573,0.43708885
1574,-0.9322227
1575,0.99368244
1576,-0.14221776
1577,-0.68553174
1578,-0.05665344
1579,-0.9210079
1580,-0.35515058
1581,0.981511
1582,0.49366835
1583,-0.14221776
1585,0.81983995
1586,0.40482172
1587,-0.37791693
1589,0.12660363
1590,-0.35515058
1592,0.5367239
1594,-0.05665344
1595,-0.7650429
1596,0.78181386
1597,0.79169405
1598,0.55648625
1599,0.12660363
1601,-0.57461286
1602,-0.4948724
1603,0.08441907
1604,0.5367239
1605,-0.64083445
1607,0.5367239
1608,0.3926503
1609,-0.64083445
1610,0.5587775
1611,-0.8475406
1612,0.16462496
1613,0.99368244
1614,-0.9322227
1615,0.64887464
1616,-1.2184861
1617,-0.30273926
1618,0.54660404
1619,-0.7427914
1620,0.16462496
1623,-0.06201178
1624,0.28050262
1625,-0.43318337
1626,0.95584536
1627,0.29946035
1628,0.5367239
1630,1.0358343
1632,-0.5139446
1633,-0.9322227
1634,1.0708156
1635,-0.25810826
1636,0.9638993
1637,-0.77068603
1639,0.54660404
1640,0.5367239
1641,0.28426844
1642,-0.88481843
1643,0.43708885
1644,0.5962551
1645,0.9838023
1646,-0.36558336
1648,-0.046222925
1649,0.16462496
1650,-0.233046
1651,-0.35515058
1652,-0.824013
1653,0.5367239
1654,0.96802413
1655,-0.7650429
1656,-0.14919299
1657,-0.9322227
1658,-0.2092399
1659,-0.81836987
1660,0.43708885
1661,-0.35515058
1662,0.97377944
1663,-0.3465814
1664,-0.37030596
1665,0.43708885
1666,1.0358343
1667,-0.47239625
1668,0.9838023
1670,0.5367239
1671,0.54660404
1672,-0.4168396
1673,-0.37030596
1674,-0.77068603
1675,1.0748662
1676,-0.57461286
1677,0.16462496
1678,-0.4168396
1679,0.8767321
1680,-0.14250255
1681,0.28050262
1683,-0.5139446
1685,0.4060344
1686,0.54660404
1687,0.24794003
1688,-0.5139446
1689,-0.88481843
1690,-0.42248273
1691,-0.9322227
1692,-0.30273926
1693,0.5600024
1694,-0.14786088
1695,-0.9322227
1696,0.08441907
1697,0.08441907
1698,-0.1685955
1699,-0.9322227
1700,0.96802413
1702,-0.35515058
1703,-0.13685942
1704,-0.16136438
1705,-0.4168396
1706,0.9838023
1707,0.54936033
1708,0.9801956
1709,-0.034051538
1710,-1.1497617
1711,-0.14786088
1713,-0.14786088
1714,0.9649501
1715,0.12660363
1717,0.08441907
1718,-0.036411524
1719,-0.64083445
1720,0.43708885
1721,0.08441907
1722,0.20420831
1723,-0.16105354
1727,0.8449996
1728,-0.05036533
1729,-0.14786088
1730,0.54660404
1731,0.85487974
1732,0.04456833
1734,-0.580256
1735,0.08441907
1736,-0.13685942
1737,-0.37030596
1738,-0.88481843
1739,0.27224284
1740,-0.88481843
1742,-0.076902926
1743,0.99368244
1744,-0.7650429
1745,0.45234713
1746,-0.92281175
1747,0.08441907
1748,0.24794003
1749,0.47193465
1750,1.0748662
1751,-0.4168396
1752,0.22927508
1753,1.0527086
1754,0.04456833
1755,-0.88481843
1756,0.38830698
1757,0.54660404
1758,-0.81836987
1759,0.08441907
1760,1.064986
1761,0.69812703
1762,0.04456833
1763,0.5367239
1764,-0.37030596
1765,0.16462496
1766,0.9838023
1767,-0.36558336
1768,0.072247654
1769,0.99326855
1770,0.47193465
1771,1.2015173
1772,0.5367239
1774,0.2506963
1776,-0.06201178
1777,0.28441426
1780,-0.8598741
1782,-0.5139446
1784,0.5367239
1786,0.16773409
1787,-0.57461286
1788,0.08441907
1789,-0.10157323
1790,-0.4168396
1791,0.18042153
1792,0.7860255
1793,-0.14221776
1795,0.061307907
1796,0.54660404
1797,-0.4168396
1798,-0.4019119
1799,-0.7650429
1800,-0.5139446
1802,-0.4168396
1803,-0.57461286
1804,0.7860255
1806,0.16462496
1808,-0.7650429
1810,0.08441907
1811,0.24794003
1812,-1.0753273
1813,0.69812703
1814,-0.4168396
1815,0.8234265
1816,-0.824013
1817,0.7056274
1818,0.53974825
1819,-1.0251712
1821,-0.35537827
1822,0.69812703
1823,-1.1286542
1824,-0.9322227
1825,-0.35515058
1826,-0.5139446
1827,0.42491746
1828,0.3981871
1829,-0.8475406
1830,0.8350619
1831,0.17819774
1832,-0.57461286
1833,-0.81836987
1834,1.3998501
1835,-0.4097591
1838,0.08441907
1839,0.5367239
1840,0.81983995
1841,0.16462496
1842,0.072247654
1843,0.054617494
1845,-0.42248273
1846,0.08441907
1847,-0.4168396
1848,-0.42248273
1849,0.23576862
1850,0.81983995
1853,0.9838023
1854,0.072247654
1855,-0.57461286
1856,0.16445127
1857,-1.1887512
1858,0.99368244
1859,0.24794003
1860,-0.57461286
1861,1.0428286
1862,0.54660404
1863,-0.36558336
1864,0.97377944
1865,-0.13685942
1867,-0.35515058
1868,-0.8475406
1869,-0.9322227
1870,-0.1861158
1871,0.08441907
1873,-0.8475406
1874,0.54936033
1875,-0.5139446
1877,0.5600024
1878,-0.233046
1879,-0.1861158
1880,-0.7650429
1881,0.072247654
1882,-0.42917317
1883,0.28441426
1884,-0.47239625
1885,-0.69154537
1887,0.08441907
1888,0.9838023
1889,-0.9322227
1890,-0.73008037
1891,0.57650495
1892,-0.43318337
1893,-0.4168396
1895,1.2213889
1896,-0.5139446
1897,1.1074312
1898,-0.4168396
1899,0.88596696
1900,0.2975965
1901,1.0172108
1903,1.1074312
1904,-0.09975642
1905,0.29276997
1907,1.0748662
1908,0.55771106
1909,0.12506351
1910,0.45234713
1911,0.4396675
1912,0.8135464
1913,-0.1490308
1914,0.99368244
1916,0.57650495
1918,-0.23717076
1920,-0.23868912
1921,-0.06201178
1922,0.08441907
1924,0.7959056
1925,-0.35515058
1926,-0.019550443
1927,0.9649501
1928,-0.64083445
1929,-0.14221776
1930,0.97031546
1931,-1.0922608
1932,0.97031546
1933,-0.64083445
1936,0.08441907
1937,0.49366835
1938,-0.5139446
1939,-0.92281175
1940,-0.4168396
1941,-0.4168396
1942,-0.36558336
1943,-0.5139446
1944,-0.81836987
1945,-0.9322227
1947,0.5955911
1948,0.5698825
1949,-0.9322227
1950,-0.64083445
1951,-0.03172183
1952,0.97031546
1953,-0.8475406
1954,-0.16105354
1958,-0.92281175
1959,-0.36558336
1961,-0.14221776
1962,-0.06201178
1963,0.15245354
1964,0.5367239
1965,-0.8913348
1966,-0.92281175
1967,0.28441426
1968,-0.23717076
1969,0.17049038
1971,-0.1490308
1973,-0.13685942
1974,-0.5139446
1975,-0.92281175
1976,-0.57461286
1977,0.7860255
1980,-0.5139446
1983,-0.24537957
1984,-0.7650429
1985,0.28050262
1986,0.3472308
1987,-0.92281175
1988,0.97031546
1989,0.41843015
1990,0.28441426
1991,0.04485762
1992,0.40482172
1993,-0.1490308
1995,0.19036916
1997,-0.9322227
1998,-0.05665344
1999,-0.3465814
2000,0.16462496
2002,-0.88481843
2003,0.43708885
2004,0.5367239
2005,0.44017574
2006,0.08441907
2007,0.54660404
2008,0.12660363
2009,0.32761574
2011,1.0358343
2012,-0.16105354
2013,-0.92281175
2014,-0.09975642
2015,0.33191773
2016,-0.92281175
2017,-0.36558336
2018,0.95543146
2019,-1.1887512
2020,0.11016324
2021,-0.2092399
2022,0.5367239
2023,-0.17642087
2024,-0.92281175
2026,0.40482172
2027,-0.85318375
2029,0.9413856
2030,-0.36558336
2031,-0.25810826
2033,-0.37791693
2034,0.16462496
2035,-0.233046
2037,-0.81836987
2038,-0.7650429
2039,0.57650495
2040,0.16462496
2041,0.054617494
2042,-0.36558336
2044,-0.14786088
2045,-0.93786585
2046,0.54660404
2047,0.5367239
2048,0.16773409
2049,-0.047084093
2050,0.08441907
2051,-0.52627814
2052,-0.91536474
2053,0.28050262
2054,0.5367239
2055,-0.92281175
2056,-0.7650429
2058,0.33191773
2059,-0.7650429
2060,0.20420831
2061,0.43708885
2063,-0.7650429
2064,-0.233046
2065,-0.88481843
2066,-0.92281175
2067,-0.81836987
2068,-0.30273926
2069,0.5367239
2070,-0.12955809
2071,0.9838023
2072,0.08441907
2073,-0.047084093
2074,-0.12768579
2076,-0.80883706
2078,0.5367239
2079,-0.42917317
2080,-0.35515058
2081,0.9838023
2082,-0.36558336
2083,0.042446077
2084,-0.36558336
2085,-0.23717076
2086,0.40482172
2087,-0.9322227
2088,0.54660404
2089,-0.5139446
2091,1.0748662
2092,-0.30273926
2093,0.54660404
2094,-0.88481843
2095,-0.5861821
2096,-0.16105354
2097,0.08441907
2098,0.08441907
2099,0.45234713
2100,-0.06201178
2101,-0.019550443
2102,-0.5139446
2103,0.5367239
2104,0.7228688
2105,0.08441907
2106,-0.88481843
2107,0.3607085
2108,0.38830698
2109,0.44395837
2110,-0.4168396
2111,-0.05665344
2112,-0.8913348
2113,0.7959056
2114,-0.8475406
2115,-0.64083445
2116,0.054617494
2117,-0.81836987
2118,-0.8475406
2119,0.114432216
2120,0.97377944
2121,0.08441907
2124,0.2670249
2125,-0.91536474
2126,0.57650495
2127,-0.06201178
2129,0.08441907
2130,-0.4168396
2131,-0.14221776
2132,-0.30273926
2133,0.5600024
2134,-0.64083445
2137,1.0748662
2138,-0.72443724
2139,-0.8475406
2141,1.064986
2143,0.09252325
2145,0.16462496
2147,0.54660404
2148,0.9638993
2149,1.037029
2150,-0.09975642
2151,-0.16105354
2152,-0.4168396
2153,0.47193465
2155,-0.7650429
2157,0.54660404
2158,-0.076902926
2159,-0.9322227
2160,0.53048193
2161,-0.81836987
2163,-0.5139446
2165,-0.019550443
2166,-0.43318337
2168,-0.7650429
2170,0.08441907
2171,-0.30273926
2172,0.28441426
2173,0.54660404
2174,-0.2092399
2175,-0.64083445
2176,0.29946035
2177,0.97031546
2178,-0.92281175
2181,0.6033567
2182,0.6589098
2183,1.1240125
2184,-0.14786088
2186,0.33191773
2188,0.38830698
2189,-0.35515058
2190,-0.88481843
2191,0.95584536
2192,0.9638993
2193,-0.88481843
2194,-0.57461286
2195,-0.14919299
2196,-0.4168396
2198,0.981511
2199,-0.16136438
2200,1.0748662
2202,-0.14786088
2203,0.99368244
2205,-0.5139446
2206,-0.35515058
2207,-0.05665344
2209,-0.233046
2211,-0.92281175
2212,-0.92281175
2213,-0.81836987
2214,0.5803707
2215,-0.1861158
2216,-0.16105354
2217,1.064986
2218,0.072247654
2219,0.5367239
2220,-0.88481843
2222,-0.9322227
2223,0.8709711
2224,-0.35515058
2225,0.12506351
2226,0.15245354
2227,-0.4948724
2228,-0.64083445
2231,0.99368244
2232,0.78181386
2233,-0.8475406
2235,-0.8475406
2236,0.6853302
2238,1.0748662
2239,1.064986
2241,0.54660404
2242,-0.64083445
2243,-0.72443724
2244,-0.37030596
2245,-0.57461286
2246,0.43708885
2247,0.16462496
2248,1.064986
2249,0.7959056
2251,0.40482172
2252,0.3926503
2253,0.16462496
2254,-0.9706001
2255,0.3607085
2257,0.47193465
2258,-0.4168396
2259,1.0358343
2260,-0.7650429
2261,-0.92281175
2262,0.97377944
2263,0.45234713
2264,0.5367239
2265,0.8610909
2266,-0.4168396
2268,-0.9286126
2269,1.0254567
2270,-0.36558336
2271,0.54660404
2272,0.99368244
2274,0.7040814
2275,-0.37594908
2276,-0.9322227
2277,-0.5139446
2278,0.54660404
2281,-0.37030596
2282,-0.5139446
2283,-0.70734227
2284,0.16462496
2285,-0.73008037
2286,1.3408239
2287,0.63497543
2288,-0.05665344
2289,0.43708885
2290,0.2897479
2291,0.28729284
2292,-0.05665344
2293,-0.7650429
2294,-0.72443724
2296,0.25967205
2297,0.1638085
2298,-0.8475406
2299,0.08441907
2300,0.49366835
2301,-0.13962364
2303,-0.09975642
2304,-0.05665344
2305,0.9838023
2306,-0.9322227
2307,-0.30273926
2308,-0.4168396
2309,-0.9284549
2310,-0.88481843
2311,-0.42917317
2312,0.43708885
2315,-0.13685942
2316,0.7682156
2318,0.54660404
2319,0.97031546
2322,0.08441907
2324,0.16462496
2325,1.064986
2327,-0.1305713
2328,-0.5139446
2329,0.8794786
2330,-0.35515058
2331,-0.7650429
2332,-0.05665344
2333,0.944273
2334,0.15245354
2335,-0.06201178
2336,-0.92281175
2337,0.38830698
2339,-0.7650429
2340,-0.9322227
2341,-0.46063387
2342,-0.9286126
2343,0.99368244
2344,0.28441426
2346,0.5367239
2348,-0.64083445
2349,-0.81836987
2350,0.16462496
2352,-0.5139446
2353,0.5367239
2354,0.54660404
2355,0.5367239
2356,-0.88481843
2357,-0.5139446
2358,-0.06201178
2360,0.5367239
2361,1.064986
2362,-0.92281175
2363,0.5367239
2364,0.11016324
2366,1.0748662
2368,-0.36558336
2369,0.43708885
2370,0.54660404
2371,-0.88481843
2372,0.5367239
2373,-0.019550443
2374,-0.09975642
2375,-0.81836987
2377,-0.21811831
2378,-0.05665344
2379,-0.4168396
2381,-0.8475406
2382,-0.13685942
2383,0.9060744
2384,-0.06201178
2385,0.5367239
2386,-0.42248273
2387,0.16462496
2388,-0.64083445
2389,-0.64083445
2390,-0.92281175
2391,-0.92281175
2394,-0.92281175
2395,-0.9322227
2396,-0.88481843
2397,-0.37594908
2398,-0.47239625
2399,1.0155766
2400,0.9838023
2401,0.16773409
2402,-0.37030596
2403,-0.13685942
2404,-0.8160212
2406,0.33191773
2409,-0.92281175
2410,-0.4168396
2411,-0.92281175
2412,0.23089972
2413,-0.14919299
2414,0.43708885
2416,0.08441907
2417,0.054617494
2418,-0.35515058
2419,-0.06201178
2421,-0.16136438
2422,-0.13685942
2425,0.24794003
2427,0.40482172
2428,0.08441907
2429,0.9801956
2430,-0.7650429
2431,-0.91536474
2433,-0.57461286
2435,0.97377944
2436,0.24794003
2437,0.24794003
2438,-0.14221776
2440,0.8794786
2441,-0.92281175
2442,1.1338925
2443,0.5367239
2444,0.072247654
2445,0.28050262
2447,0.9638993
2448,0.11991322
2449,0.08704218
2450,0.5367239
2451,0.9416133
2452,-0.7650429
2453,-0.4168396
2454,-0.4097591
2455,-0.94455624
2456,-0.233046
2457,0.9838023
2458,-0.4168396
2459,1.1240125
2460,-0.64083445
2461,-0.4168396
2462,0.28050262
2463,0.9638993
2464,0.5367239
2465,-0.5139446
2466,-0.7650429
2468,-0.3465814
2469,-0.81836987
2470,-0.92281175
2471,0.43196237
2473,-0.14786088
2474,0.3607085
2476,-0.92281175
2478,1.0748662
2481,-0.37030596
2482,-0.35891497
2484,0.54660404
2485,-0.9322227
2486,-0.14221776
2488,-0.14221776
2489,0.43708885
2490,-0.9322227
2491,0.7780957
2492,-0.5139446
2494,-0.13685942
2495,0.5344326
2496,-0.06201178
2497,0.851068
2498,-0.076902926
2500,-0.57461286
2501,-0.5139446
2502,-0.36558336
2503,-0.92281175
2504,-1.0922608
2506,0.477117
2507,-0.5139446
2508,-0.13685942
2509,-0.13685942
2511,-0.51958776
2512,0.054617494
2513,0.5465563
2515,0.17049038
2516,-0.83205163
2517,-0.4168396
2518,-0.1490308
2519,-0.4168396
2521,0.54660404
2522,-0.9322227
2523,-0.35515058
2524,0.75979906
2525,-0.03172183
2526,0.54660404
2528,-0.0762741
2529,0.99368244
2530,0.5367239
2531,0.24794003
2532,-0.57461286
2533,0.99368244
2535,-0.12903404
2536,-0.3636127
2537,-0.824013
2538,0.8709711
2539,0.99368244
2540,-0.5139446
2541,-0.77068603
2543,0.8630189
2544,-0.3402229
2545,-0.7427914
2546,0.40482172
2548,0.16773409
2550,0.29946035
2551,0.97031546
2552,0.4196943
2553,0.3981871
2554,-0.93786585
2556,0.8413929
2557,-0.35515058
2558,-0.30273926
2559,0.54660404
2560,-0.13685942
2562,0.9838023
2563,-0.4168396
2564,0.54660404
2565,-0.05665344
2566,-0.9322227
2567,1.0748662
2568,0.54660404
2569,-0.46071774
2570,-0.06882483
2571,-0.13685942
2572,-0.12903404
2573,-0.25810826
2574,0.5698825
2575,-0.64083445
2576,0.5367239
2578,0.9838023
2579,-0.019550443
2580,-0.37594908
2581,0.32761574
2582,-0.8475406
2583,-0.4168396
2585,-0.14919299
2587,0.9638993
2588,1.0155766
2590,0.2506963
2591,-0.5139446
2592,-0.64083445
2593,-0.57461286
2594,0.5367239
2595,-0.5139446
2596,0.7780957
2597,0.16462496
2598,-0.5139446
2601,-0.10157323
2602,-0.36558336
2603,0.16462496
2604,-0.13685942
2606,-0.06201178
2607,0.20420831
2608,-0.3465814
2610,-0.92281175
2611,-0.35515058
2612,0.7228688
2613,-0.35515058
2614,-0.37594908
2615,-0.06201178
2616,-0.5139446
2617,0.92090607
2618,0.5367239
2619,-0.1861158
2624,0.9838023
2626,-0.15455133
2627,-0.16105354
2628,-1.1497617
2629,-0.5139446
2630,-0.12903404
2632,-0.46071774
2633,0.3926503
2635,-0.4168396
2636,0.54660404
2637,-0.47344214
2638,-0.93786585
2639,0.15245354
2640,0.2670249
2641,-0.9322227
2642,-0.35515058
2643,0.5098687
2644,0.24794003
2645,-0.4168396
2646,0.24794003
2647,-0.44361615
2648,0.1920369
2650,0.5367239
2651,0.9060744
2652,-0.94554865
2653,0.5367239
2654,0.6985981
2655,0.5600024
2656,-0.37791693
2658,0.08441907
2659,-0.26720613
2660,-0.72443724
2661,0.5367239
2662,-0.58694637
2663,0.04456833
2664,-0.824013
2665,-0.16105354
2666,1.0748662
2667,-0.35065567
2668,-0.2866559
2670,0.16462496
2671,-0.06201178
2673,-0.36558336
2674,-0.233046
2675,0.40482172
2676,-0.5139446
2677,-1.0922608
2679,0.042446077
2681,-0.52627814
2682,1.064986
2683,0.08441907
2684,0.5367239
2685,-0.233046
2686,-0.39281052
2687,-0.8475406
2688,-0.13685942
2689,-0.5139446
2691,-0.88481843
2692,-0.42248273
2693,0.6033567
2695,0.57650495
2696,-0.05665344
2697,-0.019550443
2699,0.3246262
2700,-0.35515058
2701,0.16773409
2702,0.97377944
2703,0.16462496
2704,0.16773409
2705,-0.88481843
2706,0.43708885
2707,0.5367239
2708,-0.4168396
2709,0.042446077
2710,0.43708885
2711,0.6985981
2712,0.87289906
2713,0.43708885
2715,0.24794003
2716,-0.16105354
2717,-0.93514526
2718,-0.16105354
2719,-0.233046
2720,-0.89715195
2721,-0.9940152
2722,0.32087502
2723,-0.26720613
2724,0.013903469
2725,0.28050262
2726,-0.37791693
2729,-0.8475406
2731,-0.35515058
2732,-0.2092399
2733,-0.019550443
2734,0.99368244
2735,-0.72443724
2736,0.54660404
2737,0.5587775
2738,-0.824013
2739,-0.35515058
2740,-0.88481843
2741,0.2975965
2742,-0.233046
2743,0.16462496
2744,-0.05665344
2745,-0.14250255
2746,0.99368244
2747,0.7959056
2748,-0.917295
2749,-0.37791693
2750,0.5367239
2752,0.54660404
2753,0.20420831
2754,-0.88481843
2755,0.24794003
2756,-0.57461286
2757,-0.16105354
2758,0.43708885
2759,0.5367239
2761,1.1240125
2762,0.54660404
2763,0.93150556
2764,-0.92281175
2765,-0.7650429
2767,0.29946035
2768,-0.5139446
2769,-0.7650429
2771,-0.5139446
2772,0.9838023
2773,-0.05665344
2774,0.061307907
2775,0.16462496
2776,-0.81836987
2777,0.24794003
2778,-0.92281175
2779,-0.9224775
2780,0.55648625
2782,-0.4168396
2783,0.54660404
2784,1.2750478
2785,0.7860255
2786,0.43708885
2788,-0.13685942
2789,-0.37030596
2790,-0.1861158
2791,0.5367239
2792,-0.81836987
2794,0.54660404
2795,0.28050262
2796,-0.57461286
2797,-0.58694637
2800,-0.16105354
2801,0.97031546
2802,0.43708885
2803,0.5600024
2804,0.14106083
2805,0.5367239
2806,0.29276997
2808,-0.42248273
2809,0.8413929
2810,0.08441907
2811,-0.38263953
2812,0.8767321
2813,-0.92281175
2814,0.28050262
2815,-0.57461286
2816,0.04456833
2817,0.53082055
2818,-0.9322227
2820,-0.42248273
2821,0.28050262
2822,1.064986
2824,0.5367239
2825,0.85487974
2827,0.046785146
2828,0.24794003
2831,0.5344326
2832,0.29946035
2833,-0.35515058
2834,0.3607085
2836,-0.83205163
2838,0.99368244
2839,-0.57461286
2840,0.36927772
2841,-0.81836987
2844,0.40482172
2846,-0.9322227
2847,0.24794003
2848,0.08441907
2849,-0.81836987
2850,0.45234713
2852,0.5367239
2853,1.1240125
2854,0.5367239
2855,-0.8475406
2856,-0.36558336
2858,-0.88481843
2859,0.43708885
2860,0.08441907
2862,-0.37030596
2864,-0.09975642
2865,0.08441907
2866,-0.7650429
2867,-0.4168396
2868,1.1338925
2870,-0.7650429
2871,-0.13685942
2872,-0.81836987
2873,0.5367239
2874,-0.9284549
2875,0.54660404
2877,0.53933233
2878,0.53974825
2879,-0.06201178
2880,-0.7427914
2881,-0.19357753
2882,0.3200088
2883,1.0708156
2884,0.7959056
2885,-0.9284549
2886,1.0748662
2887,-0.1861158
2888,0.51694685
2890,0.93150556
2891,-0.88481843
2892,0.8413929
2893,-0.81836987
2894,-0.9322227
2895,0.20420831
2896,-0.9284549
2897,-0.24537957
2898,0.5367239
2899,0.15245354
2900,0.43708885
2901,-0.88481843
2902,0.50354844
2903,0.49366835
2904,0.99368244
2905,-0.7650429
2906,-0.4168396
2907,0.16773409
2908,0.08441907
2909,-0.72443724
2912,0.43708885
2913,-0.7650429
2914,1.064986
2915,1.0527086
2917,-0.824013
2918,-0.92281175
2919,0.44395837
2920,9.942055e-05
2921,0.08441907
2922,0.40482172
2923,0.5367239
2924,0.40482172
2925,0.43708885
2926,-0.9760169
2927,0.54660404
2929,-0.8475406
2930,1.0155766
2931,-0.13685942
2932,-0.81836987
2933,-0.13685942
2934,0.54660404
2935,-0.09975642
2936,0.99368244
2937,0.57650495
2938,-0.13685942
2939,-0.5139446
2940,0.17819774
2942,0.09252325
2943,0.20420831
2945,-0.4168396
2946,0.04456833
2948,-0.5139446
2949,-0.88481843
2950,1.0358343
2951,0.5367239
2952,0.9838023
2953,-0.35515058
2954,0.32761574
2955,0.5367239
2956,-0.64083445
2957,-0.9322227
2958,0.28441426
2959,-0.8475406
2960,0.9838023
2961,-0.35515058
2962,-0.4168396
2963,-0.52627814
2964,-0.88481843
2965,-0.06201178
2966,0.7959056
2969,-0.5139446
2970,0.16445127
2971,1.0328057
2972,0.50354844
2973,0.99368244
2975,-0.233046
2976,-0.7650429
2977,1.0358343
2978,0.9838023
2979,-0.64083445
2980,0.11016324
2981,0.5955911
2982,-0.5139446
2983,-0.72443724
2984,-0.81836987
2987,0.45234713
2989,-0.39222825
2990,0.97377944
2991,-0.9322227
2992,-0.8475406
2993,-0.06201178
2994,-0.92281175
2995,0.08441907
2996,0.15556267
2998,-0.16105354
2999,1.3899701
3000,-0.7427914
3001,1.0527086
3002,-0.16105354
3003,0.9838023
3004,0.9838023
3005,0.24794003
3006,-0.05665344
3007,0.16462496
3008,0.9413856
3011,-0.36558336
3012,-0.35515058
3014,0.43708885
3015,-0.81836987
3016,0.7056274
3018,0.43708885
3019,0.08441907
3021,-0.08892059
3022,-0.24537957
3023,0.16773409
3024,0.5955911
3025,0.5367239
3026,0.99368244
3027,-1.0858525
3028,0.08441907
3029,-0.4168396
3030,0.08441907
3031,-0.1305713
3032,-0.09621489
3033,0.16462496
3034,-0.92281175
3035,-0.05665344
3036,-0.35515058
3037,0.6710812
3038,-0.64083445
3039,-0.35515058
3040,0.16462496
3041,-0.81836987
3042,0.16462496
3043,0.7959056
3044,0.5367239
3046,0.9838023
3047,-0.4168396
3048,0.54660404
3049,-0.5139446
3050,-0.12903404
3051,-0.824013
3052,0.16773409
3053,-0.4168396
3054,-0.30273926
3055,-0.37030596
3058,-0.57461286
3059,0.11016324
3061,0.69812703
3062,-0.92281175
3063,-0.35515058
3065,0.16462496
3066,-0.9760169
3069,-0.8475406
3070,-0.52627814
3071,-0.57461286
3073,-0.92281175
3074,-0.92769825
3075,0.54660404
3079,-0.5139446
3080,0.08441907
3081,-0.06201178
3084,-0.3465814
3086,0.16462496
3089,-0.5139446
3090,0.16462496
3092,0.24794003
3093,0.4396675
3094,-0.14250255
3095,-0.16105354
3097,0.5367239
3099,0.43708885
3100,1.0748662
3101,-0.13621444
3102,0.16462496
3103,1.064986
3105,0.57650495
3106,-0.14221776
3107,-0.92281175
3108,0.87289906
3110,0.9838023
3112,-0.7427914
3115,-0.7650429
3116,0.54660404
3117,-0.9322227
3119,-0.8475406
3120,0.5600024
3122,-0.92769825
3123,0.9838023
3124,-0.6464776
3127,0.97031546
3128,0.54660404
3129,-0.14221776
3130,-0.14786088
3131,0.8413929
3133,0.08441907
3135,0.54660404
3136,0.29946035
3137,-0.72443724
3138,0.99368244
3139,-0.5139446
3140,0.50354844
3142,0.3981871
3143,-0.9760169
3144,0.8234265
3145,-0.7773764
3147,-0.5139446
3148,0.99368244
3149,0.9638993
3150,0.40482172
3151,-0.88481843
3153,1.0948606
3154,-0.4168396
3155,-0.9322227
3157,0.3607085
3158,-0.13685942
3161,0.16462496
3162,1.3899701
3164,0.57650495
3165,-0.81836987
3166,0.54660404
3167,-0.92281175
3169,0.5367239
3170,0.85487974
3171,-0.52627814
3172,1.064986
3174,-0.824013
3175,0.20420831
3176,-0.09621489
3177,-0.16105354
3178,0.9413856
3179,0.9989954
3180,-0.06201178
3181,-0.51958776
3182,0.85487974
3183,-0.92281175
3184,0.9638993
3185,0.3981871
3186,-0.8475406
3187,0.28050262
3188,0.8718426
3189,-0.35515058
3190,0.5955911
3191,-0.28101277
3192,-0.13685942
3193,0.16462496
3194,0.7959056
3195,-0.81836987
3196,-0.5139446
3197,0.16462496
3198,-0.35515058
3199,0.42491746
3201,0.15556267
3202,-0.05665344
3203,0.99368244
3204,0.54660404
3205,0.33191773
3206,-0.06201178
3207,-0.4168396
3208,-0.14919299
3210,-0.06201178
3211,0.54660404
3212,-0.57461286
3213,-0.862164
3214,-0.3465814
3215,0.5367239
3217,0.28050262
3218,-0.4948724
3220,-0.37030596
3221,-0.92281175
3222,-0.6281189
3223,-0.92281175
3224,1.064986
3225,-0.5139446
3226,-0.4168396
3228,-0.13685942
3229,-0.019550443
3230,-0.57461286
3232,0.54660404
3233,0.9838023
3234,0.2877417
3236,-0.91536474
3237,0.16462496
3240,-0.06201178
3241,0.20420831
3242,-0.42917317
3243,1.0748662
3245,0.7860255
3246,0.32761574
3248,-0.36558336
3249,-0.13685942
3250,0.3926503
3251,-0.14221776
3252,0.45234713
3253,-0.88481843
3254,0.08441907
3255,-0.14221776
3256,-0.233046
3258,0.33191773
3259,0.7682156
3260,-0.16105354
3261,-0.034051538
3262,-0.64083445
3263,-0.72443724
3265,-0.8066088
3266,-0.92281175
3267,-0.94554865
3268,0.5698825
3269,-0.92281175
3270,0.29946035
3272,-0.72443724
3273,0.28050262
3274,0.92090607
3275,0.16462496
3276,0.1920369
3277,0.16462496
3278,0.97031546
3279,0.16773409
3281,1.0527086
3283,0.8099598
3284,0.7959056
3285,-0.05665344
3286,-0.16105354
3287,1.064986
3288,0.6389945
3289,0.16462496
3291,0.40482172
3292,-0.64083445
3296,0.9638993
3297,0.23108286
3299,-0.05665344
3300,-0.81836987
3301,-0.35515058
3302,0.061307907
3303,-0.06201178
3304,0.98609805
3305,0.28050262
3306,0.08441907
3307,0.7959056
3308,-0.37791693
3309,0.40482172
3310,-0.37030596
3311,0.6389945
3312,1.1338925
3314,0.99326855
3315,-0.92281175
3316,-0.66112304
3317,-0.13685942
3318,-0.06201178
3319,0.16773409
3320,0.5367239
3321,0.5117913
3322,0.20420831
3323,1.5428313
3324,-0.13685942
3325,-0.05665344
3326,0.5367239
3327,0.15556267
3328,1.0358343
3331,0.08441907
3333,1.0748662
3334,-0.4168396
3335,0.08441907
3336,-0.57461286
3337,-0.88481843
3338,-0.13685942
3339,-0.9322227
3340,-1.0983723
3343,0.08441907
3344,-0.16105354
3345,0.99368244
3347,0.83151275
3348,0.9838023
3349,0.38830698
3350,-0.35515058
3352,1.0428286
3353,1.064986
3354,-0.9322227
3355,0.5367239
3356,-0.7427914
3357,-0.14221776
3358,0.54660404
3359,-0.81836987
3360,-0.9706001
3361,0.24794003
3362,-0.5139446
3363,-0.4168396
3365,0.5600024
3367,0.97031546
3368,-0.35515058
3370,-0.42917317
3371,-0.8475406
3372,-0.7650429
3373,-0.3712265
3375,0.4396675
3376,-0.14786088
3377,0.43708885
3379,-0.35515058
3380,1.0073307
3381,0.20420831
3382,-0.8475406
3383,0.31793576
3384,0.42998755
3385,-0.05665344
3386,0.53974825
3387,1.0254567
3388,0.40482172
3389,-0.14250255
3391,-0.5139446
3392,1.064986
3393,-0.67921185
3394,0.55648625
3395,-0.4168396
3396,-0.36558336
3398,0.7897222
3401,-0.92281175
3402,-0.05665344
3403,-0.5139446
3405,0.99368244
3406,-0.37594908
3407,0.08441907
3408,-0.1685955
3409,0.5367239
3410,-0.19357753
3412,0.79169405
3413,-0.39281052
3414,0.99368244
3415,-0.019550443
3416,-0.35515058
3417,0.54660404
3418,-0.57461286
3419,-0.81836987
3420,0.50354844
3421,-0.8475406
3422,-0.4168396
3423,-0.06201178
3424,0.15245354
3425,0.9121986
3426,0.5367239
3427,-0.4168396
3429,0.1638085
3430,-0.05665344
3431,0.44413376
3432,-0.4168396
3433,-0.5139446
3434,-0.233046
3435,-0.35515058
3436,-0.24537957
3438,-0.92281175
3440,0.99368244
3441,-0.4168396
3442,-0.88481843
3443,0.16462496
3444,0.24794003
3445,0.5344326
3446,0.16462496
3447,-0.4168396
3448,-0.8598741
3449,1.064986
3450,-0.14221776
3451,-0.4168396
3452,0.9838023
3453,-0.13685942
3454,0.5367239
3455,0.5367239
3456,-0.09975642
3457,0.9361339
3460,-0.9284549
3461,-0.16105354
3463,0.5344326
3464,-0.05665344
3465,-0.91536474
3469,0.28426844
3470,-0.4168396
3471,0.16462496
3472,0.43708885
3474,-0.57461286
3475,0.24794003
3476,-0.35515058
3477,0.5587775
3478,-0.5139446
3479,-0.14221776
3480,-0.81836987
3481,-0.88481843
3483,-0.37030596
3484,-0.4051441
3485,0.08441907
3486,0.53974825
3487,-0.8475406
3488,-0.13685942
3489,0.53974825
3491,0.7860255
3492,-0.37030596
3493,-0.37030596
3494,-0.91536474
3495,0.16462496
3496,1.0500491
3497,-0.8598741
3498,1.0948606
3499,-0.16105354
3501,-0.7650429
3502,-0.83205163
3503,0.5344326
3504,-0.7650429
3505,0.43708885
3506,0.29946035
3508,-0.14919299
3510,-0.81836987
3511,0.54660404
3512,-0.5139446
3513,0.3981871
3514,-0.9322227
3516,-0.49901694
3518,0.7959056
3520,0.99368244
3521,0.034952402
3522,0.5587775
3523,0.9838023
3524,0.6033567
3525,1.0155766
3526,1.0748662
3527,0.3607085
3528,0.16462496
3529,1.0527086
3530,0.15245354
3531,0.54660404
3532,-0.5139446
3533,0.57650495
3534,0.9521549
3535,0.54660404
3536,-0.26720613
3538,-0.92281175
3539,0.53974825
3541,-0.92281175
3542,-0.23868912
3543,-0.13685942
3544,-0.64083445
3545,-0.13685942
3546,-0.14221776
3547,0.16462496
3548,-0.36558336
3549,-0.64083445
3550,-0.5139446
3551,0.5587775
3553,-0.9322227
3554,-0.5139446
3555,-0.92281175
3556,0.40482172
3557,0.054617494
3558,-0.92281175
3560,1.0748662
3561,-0.57461286
3562,0.56865764
3563,-0.7650429
3564,0.12660363
3565,-0.4168396
3567,-0.06201178
3568,-0.28101277
3569,0.54660404
3570,-0.88481843
3571,0.16462496
3573,0.54660404
3574,0.5367239
3575,-0.14172947
3578,0.45234713
3579,-0.52627814
3580,-0.233046
3581,1.0748662
3583,0.7860255
3584,-0.31669128
3585,-0.09975642
3587,-0.14221776
3588,-0.07327163
3589,0.47193465
3590,-0.81836987
3591,0.40482172
3592,-0.81836987
3593,-0.29334635
3594,-0.5139446
3596,-1.0922608
3597,1.0748662
3598,1.0358343
3601,0.16462496
3603,-0.37030596
3605,0.08441907
3606,-0.16105354
3607,-0.9286126
3609,0.54660404
3610,0.04456833
3611,0.9343929
3612,0.6211846
3613,0.08441907
3614,-0.7650429
3615,-0.09975642
3616,0.69812703
3617,-0.35515058
3621,0.16462496
3622,0.8449996
3624,0.8135464
3625,-0.36558336
3628,-0.5139446
3629,1.1338925
3630,-0.37791693
3631,0.08441907
3633,1.0748662
3634,0.08441907
3636,0.9801956
3637,0.5367239
3639,-0.034051538
3640,0.9838023
3641,-0.92281175
3642,-0.78741336
3643,-0.35515058
3644,1.0748662
3645,-0.4168396
3646,-0.7650429
3647,-0.019550443
3649,0.40482172
3650,-0.37791693
3651,0.5367239
3652,0.42491746
3654,-0.047084093
3656,0.24794003
3657,-0.81836987
3658,0.08441907
3659,-0.16105354
3660,0.8630189
3661,1.5428313
3662,0.44017574
3663,0.16462496
3665,0.8610909
3666,0.3981871
3668,-0.92281175
3669,-0.5139446
3670,-0.9322227
3672,0.29946035
3673,0.3607085
3674,0.15556267
3675,0.95543146
3676,-0.47239625
3677,-0.36558336
3678,0.16462496
3679,-0.9224775
3680,0.5367239
3681,0.57650495
3682,-0.16105354
3683,-0.13685942
3684,-0.3712265
3685,0.9838023
3686,-0.14221776
3687,0.54660404
3690,0.981511
3691,0.5344326
3692,1.0155766
3693,-0.5139446
3696,-0.88481843
3697,0.32404953
3699,-0.7682314
3700,0.3926503
3701,-0.28101277
3702,0.7228688
3703,-0.92281175
3704,0.72516006
3705,-0.8475406
3706,0.08441907
3707,-0.4168396
3708,-0.4948724
3709,-0.016941845
3710,-0.13685942
3711,-0.16105354
3712,-0.4168396
3713,0.5367239
3714,0.747205
3715,0.57650495
3716,-0.57461286
3718,0.5367239
3719,1.0073307
3720,-0.81836987
3721,0.6853302
3722,0.45234713
3723,-0.14221776
3725,0.013903469
3726,0.08441907
3727,0.99368244
3728,-0.9760169
3729,-0.3465814
3730,0.32705373
3731,-0.25810826
3732,0.86145926
3733,0.28050262
3735,0.8630189
3736,0.3607085
3737,0.6389945
3738,0.40482172
3739,0.28050262
3740,-0.72443724
3742,-0.89046156
3744,0.8135464
3745,-0.0762741
3746,-0.30765766
3747,-0.25810826
3748,-0.42248273
3749,-0.05665344
3750,0.061307907
3751,0.54660404
3752,0.45234713
3753,-0.13960719
3754,-0.05036533
3755,-0.06201178
3756,-0.9322227
3757,0.16773409
3758,0.24794003
3760,0.11991322
3761,0.7682156
3762,-0.36558336
3763,0.43708885
3764,0.16462496
3765,0.3981871
3766,-0.4019119
3768,-0.7280284
3770,-0.233046
3771,0.39934397
3772,-0.92281175
3773,0.97031546
3774,0.114432216
3775,-0.92281175
3776,1.0748662
3777,-0.91536474
3778,0.2670249
3779,-0.7650429
3780,-0.8475406
3781,-0.31104815
3782,-0.9666059
3783,0.5367239
3784,-0.92281175
3785,-0.4168396
3786,-0.39281052
3788,0.8449996
3789,-0.4168396
3790,-0.36558336
3791,-0.5139446
3792,-0.92281175
3793,-0.7650429
3796,1.0073307
3798,0.9343929
3799,0.8610909
3800,-0.5139446
3802,-0.35515058
3803,-0.14786088
3805,0.9638993
3806,0.40482172
3807,0.5587775
3808,0.78181386
3809,0.5600024
3810,0.8008107
3811,-0.28101277
3812,0.6389945
3813,-0.14250255
3814,-0.64083445
3815,-0.81836987
3816,0.43075457
3817,0.851068
3818,0.39149666
3819,0.40482172
3820,-0.09975642
3821,0.5367239
3822,-0.36558336
3823,0.57650495
3824,0.15556267
3825,-0.92281175
3826,-0.17422432
3827,-0.81836987
3828,0.15245354
3829,0.08441907
3831,-0.14221776
3832,0.99368244
3834,-0.5139446
3835,1.0073307
3836,-0.3465814
3838,-0.57461286
3839,-0.14221776
3841,0.5698825
3842,-1.0091797
3845,-0.9322227
3846,0.54660404
3847,0.45234713
3848,-1.1497617
3849,-0.57461286
3850,1.1240125
3851,0.9262538
3852,-0.35515058
3853,-0.72443724
3854,0.6710812
3855,0.40482172
3856,-0.64083445
3857,0.16462496
3859,0.7959056
3860,-0.92281175
3861,-0.24537957
3862,0.4396675
3864,-0.4168396
3866,-0.06201178
3867,0.08441907
3868,-0.14221776
3869,1.0748662
3870,-0.93786585
3871,0.54660404
3872,0.15556267
3873,-0.13345814
3874,-0.1490308
3876,-0.14221776
3877,-0.88481843
3878,-0.4168396
3879,-0.4168396
3880,0.12660363
3881,-0.122867644
3883,0.11991322
3884,0.12660363
3886,-0.8307034
3889,0.5367239
3890,0.54660404
3891,0.57650495
3893,-0.50720596
3894,0.08704218
3895,-0.92281175
3896,-0.30273926
3897,-0.22224307
3899,0.24794003
3900,-0.7650429
3901,-0.88481843
3902,-0.6464776
3903,-0.5139446
3904,-0.8475406
3906,-0.7650429
3907,0.8339472
3908,-0.46063387
3910,0.08441907
3911,-0.5139446
3913,-0.5139446
3914,-0.28101277
3916,-0.4168396
3917,0.9343929
3918,0.53974825
3919,-0.37030596
3920,-0.1305713
3921,0.08441907
3923,0.29946035
3924,-0.36558336
3925,0.29946035
3926,-0.019550443
3927,-0.14221776
3929,0.013903469
3930,-0.13621444
3931,-0.88481843
3932,0.3926503
3934,0.16773409
3935,-0.13685942
3936,-0.36558336
3937,-0.81836987
3938,-0.57461286
3939,-0.13685942
3940,-0.12729007
3941,0.24794003
3942,-0.13685942
3943,0.97377944
3944,-0.7930565
3945,-0.4050365
3946,-0.64083445
3948,-0.36558336
3949,0.747205
3950,-0.13685942
3951,-0.233046
3952,-0.8475406
3953,-0.35515058
3954,-0.37791693
3955,0.93150556
3956,-0.4168396
3957,0.9989954
3958,0.81983995
3959,-0.9322227
3960,-0.57461286
3961,0.11016324
3962,0.7921499
3963,0.4396675
3964,-0.09975642
3965,-0.93786585
3967,0.7580685
3969,0.5367239
3970,-0.8632798
3971,-0.05665344
3972,0.9801956
3973,0.11016324
3974,0.57650495
3975,0.5600024
3977,-0.89715195
3978,-0.06201178
3979,-0.94455624
3980,-0.5139446
3981,-0.4168396
3982,1.064986
3983,-0.9591589
3984,0.45234713
3985,0.7860255
3986,0.8099598
3987,-0.7427914
3988,-0.57461286
3989,-0.36558336
3992,-0.78741336
3993,0.9838023
3995,0.16462496
3996,-0.14786088
3997,0.3571755
3998,0.79169405
3999,-0.8598741
4001,-0.72443724
4002,-0.35222453
4003,-0.92281175
4004,1.1298419
4005,-0.42248273
4006,-0.31104815
4007,0.79169405
4008,0.81983995
4009,-0.36558336
4011,0.24794003
4012,-0.64083445
4013,-0.36558336
4015,-0.92281175
4016,0.08441907
4017,-0.06201178
4018,-0.4168396
4019,1.0948606
4021,0.9638993
4022,0.8630189
4023,0.5367239
4024,1.0358343
4025,-0.8475406
4026,-0.47239625
4027,0.16773409
4028,0.2670249
4029,0.16462496
4030,-0.81836987
4031,0.4396675
4032,0.5001159
4033,1.064986
4034,0.3607085
4035,0.5587775
4036,-0.14786088
4037,0.40482172
4038,0.5367239
4039,1.064986
4041,-0.57461286
4043,0.16462496
4045,0.9060744
4046,-0.49901694
4047,-0.233046
4048,-0.89046156
4049,0.15245354
4051,-0.64083445
4052,-1.1497617
4053,-0.36558336
4055,0.44395837
4058,-0.93786585
4060,-0.5139446
4061,0.20342353
4062,-0.05665344
4063,0.40482172
4064,-0.862164
4065,-0.36558336
4066,0.45234713
4067,-0.233046
4068,1.5428313
4070,0.81983995
4071,-0.05665344
4072,0.20420831
4073,0.7860255
4074,0.08441907
4075,0.23108286
4076,-0.49901694
4077,-0.4050365
4078,0.54660404
4079,0.85487974
4080,-0.05036533
4081,-0.14221776
4082,0.08441907
4083,-0.81836987
4084,-0.88481843
4085,-0.8598741
4087,0.93150556
4089,0.5367239
4090,0.7959056
4091,0.40482172
4092,0.08441907
4093,-0.824013
4094,-0.824013
4095,-0.12729007
4096,-0.3465814
4097,-0.37030596
4098,0.99368244
4099,-0.36558336
4100,0.57650495
4101,-0.4168396
4102,-0.35515058
4103,0.5367239
4104,-0.77068603
4105,0.49366835
4106,0.9060744
4107,0.43708885
4109,0.19036916
4110,-0.2092399
4111,-0.5139446
4112,-0.09975642
4113,-0.24537957
4114,0.08441907
4115,-0.14250255
4116,-0.9284549
4117,-0.5139446
4118,-0.043667495
4119,-0.8449464
4120,-0.4168396
4121,0.8413929
4122,-0.9322227
4123,-0.5139446
4124,0.9046315
4125,-0.043667495
4127,-0.4168396
4128,-0.42917317
4129,-0.824013
4131,0.5367239
4132,0.8449996
4133,0.16773409
4134,0.9343929
4135,-0.28101277
4136,0.28729284
4137,0.24307114
4138,-0.88481843
4139,-0.233046
4140,0.6731588
4141,0.17514122
4142,-0.3712265
4143,0.16773409
4144,0.5367239
4145,-0.13685942
4148,-0.5139446
4149,1.064986
4151,-0.88481843
4152,0.5587775
4154,-0.14786088
4155,-0.89715195
4157,-0.5705471
4158,0.81983995
4159,-1.0038214
4160,0.2877417
4162,-0.52627814
4163,1.064986
4164,0.19929704
4165,-0.13685942
4167,1.2390294
4168,0.16462496
4169,-0.16105354
4170,0.43196237
4171,-0.37030596
4172,-0.5139446
4173,0.5955911
4174,0.3981871
4175,-0.046222925
4176,-0.3712265
4177,0.08441907
4178,0.08441907
4179,-0.5139446
4180,0.7095171
4181,-0.93514526
4182,0.8767321
4183,-0.81836987
4184,-0.2092399
4186,-0.81836987
4188,-0.81836987
4189,-0.57461286
4190,-0.92281175
4191,-0.81836987
4192,0.78181386
4193,-0.4168396
4194,0.9838023
4196,0.50354844
4197,0.5344326
4198,-0.37791693
4199,0.7860255
4200,0.24794003
4201,0.5367239
4202,0.16773409
4203,0.43708885
4204,-0.14221776
4205,0.8718426
4206,-0.06201178
4207,-0.14221776
4208,-0.8534601
4209,1.277339
4211,0.24794003
4212,0.061307907
4213,-0.06201178
4214,0.99368244
4216,-0.1305713
4217,-0.4168396
4218,-0.06201178
4219,0.99368244
4220,-0.64083445
4221,-0.14221776
4222,0.43708885
4223,-0.8475406
4224,0.4746391
4225,-0.13685942
4226,0.20420831
4227,0.16462496
4228,-0.12903404
4229,0.5600024
4230,0.45234713
4231,0.24794003
4232,-0.5139446
4233,-0.28101277
4234,-0.36558336
4235,-0.4168396
4236,0.24794003
4237,-0.13685942
4238,-0.81836987
4239,-0.36558336
4240,-0.9322227
4241,0.54660404
4242,-0.5139446
4243,-0.5139446
4244,-0.37791693
4246,-0.233046
4247,-0.13685942
4248,-0.88481843
4250,-0.7650429
4252,-0.52627814
4253,-0.06201178
4254,-0.3465814
4256,-0.1685955
4257,-0.64083445
4258,-0.57461286
4259,-0.9322227
4260,0.4746391
4261,0.79169405
4263,0.24794003
4264,-0.88481843
4265,1.064986
4266,-0.81836987
4267,-0.4168396
4268,-0.14919299
4269,0.17819774
4271,-0.51958776
4272,0.7897222
4273,0.7959056
4274,0.79169405
4275,-0.019550443
4278,0.43708885
4279,0.7820028
4280,0.99368244
4281,-0.35515058
4282,-0.4168396
4283,-0.16105354
4284,0.81983995
4286,0.24794003
4287,-0.16105354
4289,-0.16105354
4290,0.6389945
4291,1.064986
4292,-0.57461286
4293,-0.05665344
4294,0.16462496
4295,0.9838023
4296,-0.36558336
4297,-0.14221776
4299,0.5367239
4301,-0.02253002
4302,-0.9322227
4303,-0.17422432
4304,-0.5139446
4305,-0.4168396
4306,-0.8475406
4307,0.16773409
4308,-0.88481843
4309,-0.36558336
4310,0.5034723
4311,0.44395837
4312,0.54660404
4313,0.29276997
4314,-0.80883706
4315,-0.13685942
4316,-0.4168396
4317,-0.9322227
4318,0.3607085
4319,0.9838023
4320,-0.7650429
4323,0.54660404
4324,0.16462496
4326,0.45234713
4327,-0.7650429
4329,0.054617494
4330,-0.35515058
4331,0.5367239
4332,0.75897455
4333,-0.9322227
4334,0.3981871
4335,-0.9322227
4336,-0.9286126
4337,-0.16105354
4338,-0.52627814
4339,0.15245354
4341,0.12660363
4342,0.38830698
4343,-0.7427914
4344,-0.42248273
4345,-0.57461286
4346,0.9801956
4347,-0.72443724
4348,-0.5139446
4349,-0.88481843
4351,0.9838023
4352,0.85487974
4353,0.08441907
4354,0.9838023
4355,-0.5139446
4356,0.16462496
4357,-0.13685942
4358,-0.92281175
4360,0.16462496
4361,0.9521549
4362,1.3998501
4363,-0.46063387
4364,0.99368244
4366,1.064986
4367,-0.06201178
4368,0.5367239
4369,-0.81836987
4370,-0.233046
4372,-0.81836987
4373,-0.5139446
4374,0.43708885
4375,0.5698825
4376,-0.7650429
4377,-0.88481843
4379,0.99368244
4380,0.04456833
4382,-0.4168396
4383,0.6803393
4384,0.54936033
4386,-0.13685942
4387,-0.92281175
4388,0.5698825
4389,-0.4168396
4390,0.99368244
4391,-0.89715195
4392,-0.019550443
4394,0.44413376
4395,0.5955911
4396,0.23576862
4397,-0.57461286
4398,-0.7427914
4399,-0.35515058
4400,-0.81836987
4401,-0.4019119
4402,-0.67921185
4403,0.12506351
4405,-0.05665344
4407,-0.3465814
4410,-0.5139446
4411,-0.51958776
4412,0.43708885
4413,0.5344326
4414,0.97377944
4415,-0.1861158
4416,0.24794003
4417,0.11991322
4418,-0.57461286
4419,-0.37030596
4420,-0.81836987
4422,-0.57461286
4423,1.064986
4424,0.5367239
4425,-0.36558336
4426,0.31747967
4429,-0.3712265
4430,-0.9760169
4432,0.32087502
4433,-0.72443724
4434,0.54660404
4435,0.08441907
4436,-0.36558336
4437,0.11016324
4438,-0.14221776
4439,-0.64083445
4441,0.5698825
4442,-0.81836987
4443,-0.92281175
4444,0.99368244
4445,-0.36558336
4447,-0.5139446
4448,-0.233046
4449,0.16462496
4450,-0.92281175
4451,0.78181386
4452,-0.35515058
4453,-0.92281175
4454,0.08441907
4455,-0.4168396
4456,-0.5139446
4457,-0.81836987
4458,-0.4168396
4459,1.3309437
4460,-0.37030596
4461,1.2015173
4462,1.0748662
4463,0.57650495
4464,0.56865764
4465,0.046785146
4466,0.072247654
4467,-0.05665344
4468,-0.91536474
4469,-0.5139446
4470,0.08441907
4471,-0.4168396
4472,-0.7427914
4474,0.12506351
4475,0.12660363
4476,0.43708885
4477,-0.5139446
4478,-0.5139446
4479,-0.4168396
4480,0.9838023
4481,-0.7650429
4482,-0.11583555
4483,0.6751735
4485,0.54660404
4486,0.17049038
4487,0.5587775
4488,0.97031546
4489,-0.5139446
4490,0.54660404
4491,0.56865764
4492,0.43708885
4493,-0.51958776
4494,-0.4168396
4495,-0.14919299
4497,0.97031546
4498,0.95584536
4499,1.0748662
4500,0.16462496
4501,-0.10157323
4502,-0.42248273
4503,0.99368244
4504,0.8449996
4505,0.88661224
4506,0.78181386
4507,0.97377944
4508,0.7860255
4509,0.15245354
4510,0.83151275
4511,-0.81836987
4512,0.944273
4513,0.8413929
4514,0.08441907
4515,-0.92281175
4516,-0.42248273
4517,0.6993844
4518,-0.05665344
4520,0.15245354
4521,-0.42248273
4522,-0.4168396
4524,-0.14786088
4525,-0.31104815
4526,1.064986
4527,0.9638993
4528,0.9838023
4530,-0.9322227
4531,-0.52627814
4532,-0.92281175
4533,1.3998501
4534,0.42491746
4535,-0.64083445
4536,0.16462496
4537,-0.81836987
4538,0.24794003
4539,0.43708885
4540,0.38161653
4541,0.04485762
4542,-0.5139446
4544,0.16462496
4545,-0.06201178
4547,-0.1305713
4548,-0.2092399
4550,0.5367239
4553,0.5367239
4554,0.04485762
4555,0.122850716
4557,-0.91536474
4558,0.5564364
4559,0.4396675
4560,0.16462496
4562,-0.92281175
4564,0.28050262
4565,0.8099598
4566,0.9801956
4568,0.5955911
4569,0.99368244
4571,-0.3712265
4572,0.54660404
4573,0.75979906
4576,0.99368244
4577,-0.92281175
4578,0.08441907
4579,-0.81836987
4580,0.28426844
4581,0.45234713
4582,-0.5139446
4583,0.7860255
4584,-0.233046
4585,0.16773409
4587,0.8099598
4589,-0.05665344
4590,-0.917295
4591,-0.64083445
4592,0.95584536
4594,-0.13960719
4595,0.57650495
4596,0.47136688
4597,0.40482172
4598,-0.25810826
4599,-0.46063387
4600,-0.31104815
4601,0.9833884
4602,0.5367239
4603,-0.3465814
4604,-0.57461286
4605,0.08441907
4606,-0.14919299
4607,-0.5139446
4608,0.28050262
4609,0.16773409
4611,-0.14250255
4612,0.12506351
4613,-0.06201178
4614,-0.8475406
4615,0.43196237
4616,-0.8744463
4617,-0.233046
4618,0.28426844
4619,0.60613525
4620,-0.92281175
4623,-0.019550443
4624,-0.80883706
4625,0.8099598
4626,-0.88481843
4628,-0.13685942
4629,0.2548535
4630,0.6751735
4631,0.054617494
4632,-0.37322628
4633,-0.3712265
4634,0.16462496
4635,0.3485371
4636,1.0428286
4637,-0.92281175
4638,0.20420831
4639,0.16462496
4640,-0.9940152
4642,-0.12903404
4643,0.99368244
4644,0.97031546
4645,0.5367239
4647,0.54660404
4648,-0.30273926
4649,-0.13685942
4650,-0.81836987
4651,-0.92281175
4652,-0.39281052
4653,-1.0773277
4655,-0.824013
4656,0.9838023
4657,-0.64083445
4658,-0.50051546
4659,-0.8475406
4661,0.9838023
4662,-0.57461286
4664,-0.4168396
4665,-0.88481843
4666,0.44413376
4667,-0.5139446
4668,-0.047084093
4669,-0.9286126
4670,-0.5139446
4671,-0.4168396
4672,1.0484049
4673,1.064986
4675,-0.05665344
4676,-0.93514526
4677,0.3926503
4678,-0.7650429
4679,0.36873135
4680,0.43708885
4681,-0.14786088
4682,-0.81836987
4683,-0.5577388
4684,0.11991322
4685,-0.824013
4686,-0.4168396
4687,-0.9760169
4688,0.9361339
4689,-0.6954119
4690,0.15245354
4691,0.08441907
4692,-0.5139446
4693,1.0358343
4694,0.29276997
4695,-0.05665344
4696,0.9343929
4697,-0.36558336
4698,-0.019550443
4700,0.16773409
4701,-0.81836987
4702,0.16462496
4703,-0.64083445
4704,0.43708885
4705,-0.8475406
4706,-0.92281175
4707,0.9838023
4708,0.19036916
4709,0.8099598
4710,-0.14221776
4711,0.99368244
4712,-0.5139446
4713,-1.1887512
4714,0.08441907
4715,0.28050262
4716,0.08441907
4717,-0.05665344
4719,-0.9322227
4720,0.072247654
4721,1.064986
4722,-0.4168396
4723,0.9838023
4724,0.08441907
4725,0.97031546
4728,-0.3465814
4729,0.9838023
4730,-0.13685942
4731,-0.5139446
4732,0.7959056
4733,-0.8598741
4734,-0.57461286
4736,-0.91536474
4737,0.4396675
4738,-0.3465814
4740,0.12660363
4741,-0.88481843
4742,-0.14221776
4743,0.8413929
4744,0.8099598
4746,0.5367239
4747,1.3017919
4748,0.16462496
4749,0.9838023
4750,0.78181386
4751,-0.89715195
4753,0.3607085
4754,0.7860255
4756,-0.16105354
4757,-0.3712265
4758,0.851068
4759,-0.31672192
4760,-0.92281175
4762,-0.64083445
4763,0.08441907
4764,-0.06201178
4767,0.7860255
4769,-0.92281175
4770,-0.35515058
4771,0.44395837
4772,-0.88481843
4773,-0.9284549
4774,0.061307907
4776,0.08441907
4777,-0.14221776
4778,-0.3465814
4779,-0.57461286
4781,0.28426844
4782,-0.05665344
4784,-0.88481843
4786,0.54660404
4787,1.3408239
4789,0.3607085
4790,0.39149666
4791,-0.9322227
4792,-0.233046
4793,0.20420831
4794,-0.30273926
4795,0.9833884
4796,0.70800716
4797,-0.5139446
4798,0.7350402
4799,0.36927772
4801,-1.0430065
4802,0.8932367
4805,0.08441907
4806,-0.06201178
4807,-0.21488303
4808,-0.14221776
4809,-0.1305713
4810,0.28426844
4811,-0.4168396
4812,-0.5139446
4814,-0.13685942
4815,0.16462496
4816,-0.64083445
4817,-0.88481843
4819,-0.16105354
4822,-0.37030596
4823,-0.6464776
4824,0.16773409
4825,0.99368244
4826,-0.5139446
4827,-0.05665344
4828,-0.5139446
4829,-0.16105354
4831,0.7373249
4832,-0.7650429
4833,-0.92281175
4834,-0.13621444
4835,-0.019550443
4836,0.99368244
4837,-0.9322227
4838,0.49366835
4839,0.38830698
4840,0.5367239
4841,0.16462496
4842,-0.51958776
4843,0.08441907
4844,-0.57461286
4845,0.63670325
4847,0.54660404
4849,-0.05036533
4850,0.12660363
4851,0.24794003
4852,0.15556267
4853,-0.3712265
4855,0.16462496
4856,0.061307907
4857,0.16773409
4858,-0.9286126
4860,0.16462496
4861,0.54660404
4862,-0.51958776
4863,0.5367239
4864,-0.85318375
4865,-0.06201178
4866,1.0155766
4868,0.08441907
4869,-0.14786088
4870,-0.57461286
4871,-0.9322227
4873,-0.14221776
4874,0.9801956
4875,-0.2866559
4876,0.24794003
4877,-0.57461286
4879,-0.5139446
4880,-0.9322227
4881,1.064986
4882,-0.88481843
4883,1.064986
4884,-0.52627814
4885,0.83151275
4887,0.5344326
4890,-0.16105354
4891,-0.5139446
4892,0.97031546
4893,0.5367239
4894,-0.4168396
4895,0.34264547
4896,-0.42917317
4897,0.16773409
4898,0.5344326
4899,-0.37030596
4900,0.5698825
4901,0.5587775
4903,-0.5139446
4904,0.99368244
4905,1.0748662
4906,0.54660404
4907,-0.5139446
4908,-0.72443724
4909,-0.05665344
4910,1.0050395
4911,0.9638993
4912,-0.14221776
4913,0.8767321
4914,0.7959056
4915,-0.5139446
4916,-0.31104815
4918,0.16462496
4920,0.28441426
4922,-0.36558336
4923,0.6681678
4924,0.33191773
4925,0.16462496
4926,-0.5139446
4929,0.9638993
4930,-0.9322227
4932,0.6681678
4933,0.15556267
4934,0.08441907
4935,-0.9322227
4936,0.24794003
4937,-0.2092399
4938,-0.16105354
4940,0.08441907
4942,-0.14221776
4943,-0.06201178
4944,-0.31104815
4945,-0.3712265
4946,-0.3465814
4947,0.08441907
4948,-0.4168396
4949,-0.92281175
4950,0.5367239
4951,0.16462496
4952,0.44413376
4953,-0.36558336
4954,1.064986
4955,0.24794003
4956,0.15245354
4957,0.52757686
4960,-0.4948724
4961,0.15556267
4962,-0.13685942
4963,-0.36558336
4964,-0.8475406
4965,-0.42248273
4966,-0.37791693
4967,-0.16105354
4968,1.3408239
4969,-0.81836987
4970,-0.42248273
4971,-0.7773764
4972,-0.5139446
4973,-0.4019119
4975,-0.233046
4976,-0.9053885
4977,-0.77068603
4978,-0.36558336
4979,-0.51958776
4980,0.7095171
4981,0.5367239
4982,-0.14221776
4983,-0.85318375
4984,0.16462496
4985,-0.88481843
4986,0.42491746
4987,-0.16105354
4989,0.11016324
4990,1.0172108
4992,-0.92281175
4993,-0.91536474
4994,0.9638993
4995,-0.47239625
4996,-0.36558336
4997,0.24794003
4998,0.6710812
5000,-0.019550443
5001,-0.57461286
5002,-0.42248273
5003,-0.41916937
5004,-0.42917317
5005,-0.35515058
5006,-0.5139446
5007,-0.4948724
5008,-0.8475406
5009,0.16462496
5010,0.04485762
5011,-0.05665344
5013,0.3200088
5014,1.064986
5015,-0.5139446
5017,0.96802413
5018,-0.8475406
5019,-0.4019119
5020,-0.72443724
5022,-0.88481843
5023,0.23576862
5024,-0.37030596
5025,0.042446077
5027,-0.35515058
5028,-0.5139446
5029,-0.076902926
5030,-0.13685942
5031,-0.88481843
5032,-0.1305713
5033,-0.35515058
5034,-0.3712265
5035,0.9833884
5036,0.97377944
5038,-0.05665344
5039,-0.64083445
5040,0.944273
5041,0.6803393
5042,0.97377944
5043,-0.92281175
5045,0.43708885
5047,-0.92281175
5048,-0.14221776
5049,0.47193465
5050,1.2815342
5052,-0.72443724
5053,0.9838023
5055,0.54660404
5056,1.064986
5057,0.7860255
5058,-0.81836987
5059,0.38830698
5060,1.2390294
5061,-0.36558336
5063,0.54660404
5064,-0.3465814
5065,0.013903469
5066,0.97377944
5067,-0.06201178
5068,-0.36558336
5069,-0.15455133
5070,-0.06201178
5071,-0.8475406
5072,-0.92281175
5073,-0.5139446
5074,0.08441907
5075,-0.233046
5076,0.39149666
5077,0.54660404
5078,1.0748662
5080,-0.4168396
5081,-0.019550443
5082,-0.91536474
5083,0.3607085
5084,0.54660404
5085,0.11991322
5086,0.9838023
5087,0.062342376
5089,0.3472308
5090,0.5367239
5091,-0.13685942
5092,1.0748662
5093,-0.52627814
5094,1.064986
5095,0.3607085
5096,-0.13685942
5097,-0.23908633
5099,-0.14221776
5100,0.042446077
5101,-0.88481843
5102,0.3128885
5104,0.5367239
5105,-0.9322227
5107,-0.06201178
5108,0.81983995
5109,-0.9322227
5110,-0.6464776
5111,-0.13685942
5113,-0.5139446
5115,-0.7650429
5117,0.29946035
5118,-0.9322227
5119,0.54660404
5120,-0.8475406
5123,-0.7650429
5124,-0.39281052
5125,-0.3712265
5127,-0.81836987
5128,1.0708156
5129,0.08441907
5130,-0.05665344
5131,0.23576862
5132,-0.14221776
5133,-0.862164
5134,0.8767321
5135,0.3981871
5136,0.7860255
5138,-0.14786088
5139,0.5367239
5141,0.24794003
5143,-0.92281175
5144,0.5367239
5145,-0.4168396
5146,-0.09975642
5147,0.9508525
5148,-0.5139446
5149,0.69812703
5150,0.54660404
5152,0.7580685
5153,-0.233046
5154,0.3607085
5155,-0.93514526
5156,0.16462496
5157,-0.6819004
5158,0.99368244
5159,-0.13685942
5160,0.08441907
5162,0.16462496
5163,1.1240125
5164,0.40482172
5165,-0.9322227
5166,-0.7427914
5168,0.11016324
5169,-0.13685942
5170,-0.42248273
5171,-0.37030596
5172,0.11991322
5174,-0.57461286
5176,0.53974825
5177,0.19036916
5178,0.24794003
5179,-0.4168396
5181,-0.64083445
5182,-0.92281175
5183,0.31747967
5184,-0.5139446
5185,-0.5139446
5186,-0.4168396
5187,-0.233046
5188,0.11991322
5189,0.8767321
5192,-0.31669128
5193,-0.05665344
5194,0.9838023
5195,-0.36558336
5196,-0.5139446
5198,-0.78741336
5199,0.81983995
5200,0.16773409
5201,-0.14786088
5202,-0.51958776
5203,-0.80883706
5204,0.54660404
5205,-0.63121545
5206,0.9801956
5207,0.40482172
5209,0.54660404
5210,-0.12903404
5213,0.28050262
5214,-0.5139446
5215,0.40482172
5216,-0.5139446
5218,0.16773409
5219,0.5367239
5220,0.99368244
5221,-0.5139446
5223,-0.09621489
5224,0.17514122
5225,0.23576862
5226,-0.88481843
5228,0.50354844
5229,-0.88481843
5230,0.99368244
5231,-0.88481843
5232,0.20420831
5233,0.24794003
5234,0.5367239
5235,-0.47239625
5236,-0.16136438
5237,-0.35065567
5238,0.28441426
5239,-0.21488303
5240,0.16462496
5241,0.5367239
5242,0.24794003
5243,-0.14221776
5244,0.6993844
5245,0.4396675
5246,0.38601568
5248,-0.5139446
5250,0.16462496
5251,0.44413376
5252,1.3408239
5253,0.11016324
5254,0.99368244
5255,0.6806333
5256,0.8449996
5257,1.0748662
5258,0.5367239
5259,-0.5139446
5260,-0.92281175
5261,0.6731588
5264,-0.88481843
5265,-0.4168396
5266,0.9343929
5267,-0.9322227
5268,-0.72443724
5269,-0.61299026
5270,-0.88481843
5271,-0.52627814
5272,1.2082323
5275,-0.88481843
5276,0.5367239
5277,-1.1544842
5278,0.12660363
5279,-0.57461286
5280,-0.35515058
5281,-0.81836987
5282,-0.4168396
5283,0.38830698
5284,-0.4168396
5285,0.40482172
5286,0.33191773
5287,-0.5139446
5288,-0.9322227
5289,-0.5139446
5290,-0.6954119
5291,-0.81836987
5292,0.24794003
5294,1.1298419
5295,0.16462496
5296,0.5367239
5297,-0.16105354
5298,-0.67921185
5299,-0.4168396
5300,-0.72443724
5301,0.5367239
5302,0.40482172
5304,0.78181386
5307,-0.2866559
5308,0.7959056
5309,0.49023575
5310,0.2877417
5312,-0.81836987
5313,0.2877417
5314,-0.35515058
5316,-0.81836987
5317,-0.824013
5318,0.08441907
5319,-0.1861158
5322,0.7959056
5323,-0.6464776
5325,-0.31509966
5326,0.43708885
5327,-0.9284549
5330,0.5344326
5332,0.28050262
5333,-0.824013
5334,0.3607085
5335,-0.88481843
5337,-0.36558336
5338,0.54660404
5339,0.4060344
5340,-0.30273926
5341,-0.047084093
5342,0.44395837
5343,-0.35515058
5344,0.2670249
5345,0.061307907
5347,0.6684619
5349,-0.122867644
5350,0.49366835
5351,-0.5139446
5352,-0.14221776
5353,-0.14221776
5354,-0.1861158
5355,0.952263
5356,-0.39281052
5358,0.08441907
5359,-0.27044183
5360,0.53974825
5361,0.7860255
5363,-0.64083445
5364,0.5367239
5365,-0.16105354
5366,-0.5139446
5367,-0.36558336
5368,-0.35515058
5369,-0.06201178
5371,0.81983995
5374,0.08441907
5375,-0.233046
5376,-0.7427914
5377,-0.8475406
5378,-0.64083445
5380,-0.2092399
5382,0.99326855
5383,-0.4168396
5384,-0.16105354
5386,0.7860255
5389,0.79169405
5390,1.0527086
5391,-0.1861158
5392,-0.92281175
5393,-0.16105354
5396,-0.5139446
5397,0.08441907
5399,-0.4168396
5402,-0.51958776
5403,-0.42248273
5404,-0.64083445
5406,0.5367239
5407,0.8450414
5408,-0.13685942
5410,1.064986
5411,0.54936033
5412,0.12660363
5413,-0.93786585
5414,0.28426844
5415,-0.51958776
5416,-0.81836987
5417,0.11991322
5418,0.8767321
5419,-0.7650429
5420,-0.05665344
5421,-0.14221776
5422,-0.4168396
5423,-0.81836987
5424,-0.05665344
5426,1.0527086
5427,-0.81836987
5428,0.4396675
5429,-0.57461286
5430,0.6681678
5432,-0.30765766
5433,1.0155766
5436,0.28441426
5437,0.9838023
5438,0.08441907
5439,-0.4168396
5440,-0.92281175
5442,-0.13685942
5443,0.3607085
5444,-0.6464776
5445,-0.88481843
5446,-0.7650429
5447,0.6853302
5448,0.8449996
5449,1.1240125
5451,-0.14786088
5452,0.7682156
5453,0.28050262
5455,-0.233046
5456,1.277339
5457,0.6751735
5460,0.08441907
5461,-0.13685942
5462,-1.0194166
5463,0.114432216
5464,0.24794003
5466,-0.92281175
5467,0.16462496
5468,0.54660404
5469,-1.0922608
5471,1.2015173
5472,-0.9322227
5473,-0.4050365
5474,0.97031546
5476,-0.36558336
5477,0.81983995
5479,0.54660404
5480,-0.14221776
5481,1.064986
5483,0.477117
5484,-0.89715195
5486,0.40482172
5487,-0.9322227
5488,0.53974825
5489,0.41617677
5490,0.3981871
5491,0.38830698
5492,-0.36558336
5493,0.99368244
5494,-0.019550443
5495,0.08441907
5496,0.85487974
5497,-0.09621489
5498,0.40482172
5500,0.43708885
5501,-0.36558336
5502,-0.14221776
5503,-0.47803938
5504,0.7959056
5505,0.15394807
5506,1.064986
5507,0.5367239
5508,-0.5139446
5509,0.4396675
5510,-0.36558336
5511,-0.30273926
5512,0.3472308
5513,0.08441907
5514,-1.1887512
5515,0.5367239
5516,-0.37030596
5518,-0.88481843
5520,-0.16105354
5521,0.08441907
5522,-0.862164
5523,1.0358343
5524,-0.88481843
5525,0.47053567
5527,-0.30273926
5528,0.4429728
5529,-0.5139446
5530,0.23576862
5531,-0.019550443
5533,0.7860255
5534,0.43708885
5535,-0.14786088
5536,-0.36558336
5537,0.9838023
5538,-0.3712265
5539,-0.4168396
5540,-0.9666059
5541,1.064986
5542,0.24794003
5543,0.16462496
5544,0.08441907
5545,-0.92281175
5547,-0.42248273
5548,0.47193465
5549,-0.57461286
5550,0.16773409
5551,-0.14786088
5552,-0.42248273
5553,0.45234713
5554,0.5367239
5555,-0.8598741
5556,-0.7650429
5557,-0.7650429
5558,-0.233046
5559,0.16462496
5560,-0.824013
5561,0.1638085
5562,-0.06201178
5564,0.11991322
5565,0.24794003
5568,-0.46063387
5569,-0.38263953
5570,-0.37791693
5571,-0.65424323
5572,0.6471469
5573,-0.1490308
5574,0.6723489
5575,-0.92281175
5576,0.24794003
5577,0.061307907
5578,-0.92281175
5579,-0.019550443
5580,-0.39281052
5581,0.15245354
5582,-0.14919299
5584,-0.9322227
5585,-0.42917317
5586,0.20420831
5587,-0.88481843
5588,0.57650495
5589,0.9838023
5590,0.3981871
5591,-0.13685942
5592,-0.14221776
5594,0.44413376
5595,0.9638993
5597,-0.16105354
5598,0.16773409
5599,-0.64083445
5601,0.36873135
5602,0.9801956
5603,0.45234713
5604,-0.05665344
5605,0.24794003
5606,0.16773409
5607,0.5344326
5608,0.9416133
5610,0.9361339
5611,0.57650495
5612,-0.9322227
5613,0.9361339
5614,0.3472308
5616,0.4396675
5617,-0.4168396
5618,-0.81836987
5619,0.08441907
5620,1.0172108
5621,-0.52627814
5622,0.57650495
5623,0.7682156
5624,0.3981871
5628,-0.233046
5629,-0.7650429
5630,0.54660404
5631,0.08441907
5632,0.54660404
5633,0.5367239
5635,0.5587775
5636,-0.06870347
5637,0.8709711
5638,-0.35515058
5639,-0.16105354
5641,-0.88481843
5642,0.08441907
5644,0.2670249
5645,-0.9284549
5646,0.40482172
5647,-0.9284549
5649,-0.4168396
5650,-0.14786088
5651,0.54660404
5652,-0.13685942
5653,-0.57461286
5654,0.16462496
5657,1.064986
5658,-0.06201178
5659,0.6033567
5660,0.7959056
5662,0.7959056
5663,-0.64083445
5664,0.40482172
5666,0.54660404
5667,-0.5139446
5668,-1.0225332
5670,0.99368244
5671,-0.78741336
5672,0.99368244
5673,-0.233046
5674,-0.92281175
5675,-0.7427914
5676,-0.019550443
5677,0.1684508
5678,-0.2092399
5679,0.7860255
5680,-0.57461286
